citation_key,title,verified,doi,url,claim_supported,supported_claim,reading_depth,source_type,included_in_bib,metadata_evidence,limitations,manuscript_alignment,verified_on
williams2011,The problem with integer programming,true,10.1093/imaman/dpq014,https://academic.oup.com/imaman/issue/22/3?browseBy=volume,true,Uses integer monoids and nested-rounding Chvátal functions including directed-tree representations. Explicitly states shift periodicity and illustrates affine average gradient of a nested rounding tree.,Core sections; working-paper PDF pages 21-23,research_paper,true,Primary author/institution or publisher record; DOI metadata checked where available,Does not give the proposed mixed-mode bounded-grid invoice analyzer. Working paper is 2010; journal issue is 2011; DOI imaman not inaman.,"Reviewed 2026-10-03 main.tex lines 36,195. PASS: Author working-paper pp.21-23 show nested Chvatal rounded trees, affine average gradient and explicit shift periodicity. Both foundation citations are appropriately scoped; the manuscript explicitly disclaims new general periodicity.",2026-10-03
rhodes_williams1995,Discrete subadditive functions as Gomory functions,true,10.1017/S0305004100073370,https://www.cambridge.org/core/journals/mathematical-proceedings-of-the-cambridge-philosophical-society/article/abs/discrete-subadditive-functions-as-gomory-functions/6B534FE2D3CEB5817D0C67DD9078E114,true,Uses pure integer programming proof methods motivated by discrete metrics. Characterizes a class of Gomory functions and connects it to discrete subadditivity.,Publisher extract and metadata; not full proof,research_paper,false,Primary author/institution or publisher record; DOI metadata checked where available,Full proof not inspected; no specific periodicity theorem attributed to this paper. Print issue year 1995 despite later online digitization.,Not cited in reviewed main.tex; supported candidate claim only,2026-10-03
basu_et_al2019,"Mixed-Integer Linear Representability, Disjunctions, and Chvátal Functions—Modeling Implications",true,10.1287/moor.2018.0967,https://pubsonline.informs.org/doi/10.1287/moor.2018.0967,true,"Binary trees of rational affine leaves, positive scaling, addition, ceiling; sequential elimination with auxiliary integer variables. Gives exact algebraic representation and projection closure without requiring disjunctions.",Core Definition 2.2 and Section 3 elimination proofs,research_paper,true,Primary author/institution or publisher record; DOI metadata checked where available,Positive scaling and ceiling fragment; does not state the specific invoice finite-state optimization.,"Reviewed 2026-10-03 main.tex lines 36,195. PASS: Definition 2.2 and Section 3 formalize rational affine Chvatal binary trees and mixed-integer representability/elimination. These support the foundation and Related work statements, without asserting the proposed heterogeneous-mode invoice DP is present in that source.",2026-10-03
verdoolaege2010,isl: An Integer Set Library for the Polyhedral Model,true,10.1007/978-3-642-15582-6_49,https://link.springer.com/chapter/10.1007/978-3-642-15582-6_49,true,"Arbitrary-precision integer arithmetic, integer-set operations, and quasi-affine expressions with constant integer division. Reusable infrastructure for exact polyhedral and Presburger-style analysis.",Publisher paper abstract; official manual core Section 1.4.13 (manual is not the conference paper),research_paper,true,Primary author/institution or publisher record; DOI metadata checked where available,General library; not a monetary-policy tool or a claim of minimal residue periods.,"Reviewed 2026-10-03 main.tex lines 36,195. PASS WITH READING LIMIT: Conference abstract plus official manual Section 1.4.13 support exact integer-set infrastructure and quasi-affine expressions with integer division. These support the two library/foundation descriptions; the current manual is distinct from a full reading of the 2010 conference paper.",2026-10-03
woods2015,"Presburger arithmetic, rational generating functions, and quasi-polynomials",true,10.1017/jsl.2015.4,https://www.cambridge.org/core/journals/journal-of-symbolic-logic/article/abs/presburger-arithmetic-rational-generating-functions-and-quasipolynomials/4987F6163ED5D8ADF9B46F48D7E81815,true,Logical and geometric characterizations of integer sets using linear inequalities and quantifiers. Provides equivalent representations and discusses their complexity.,Abstract and foundational definitions,research_paper,true,Primary author/institution or publisher record; DOI metadata checked where available,Counting theorem is not itself the proposed equality or discrepancy algorithm.,"Reviewed 2026-10-03 main.tex lines 195. PASS WITH READING LIMIT: Abstract and foundational definitions support the broad structural treatment of Presburger integer sets/functions, generating functions and counting. The single cited sentence is general and does not rely on unread proof details or attribute the invoice algorithm to this paper.",2026-10-03
catala2021,Catala: a programming language for the law,true,10.1145/3473582,https://doi.org/10.1145/3473582,true,Default logic and a compiler whose core transformations are proved in F*. Evaluates US tax and French benefit encodings and reports an official implementation bug.,"Core Sections 4.2, 4.5 and 5: default calculus, F* compiler proof and implementation",research_paper,true,Primary author/institution or publisher record; DOI metadata checked where available,No specialized exact rounding-period or invoice discrepancy DP.,"Reviewed 2026-10-03 main.tex lines 32,201. PASS: Sections 4.2, 4.5 and 5 support executable legal specifications, default semantics and F*-proved core compiler transformations. The wording 'semantics and verified compilation' is a source description; it does not certify all backends or this artifact.",2026-10-03
date2024,Formalizing Date Arithmetic and Statically Detecting Ambiguities for the Law,true,10.1007/978-3-031-57267-8_16,https://link.springer.com/chapter/10.1007/978-3-031-57267-8_16,true,F* semantic properties and relational abstract interpretation of paired rounding modes. Proves rounding-insensitivity in some cases and finds date ambiguities in housing benefits.,"Core semantics, paired analysis, sync definition, case study",research_paper,true,Primary author/institution or publisher record; DOI metadata checked where available,Calendar arithmetic rather than rational monetary grids; abstract analysis need not yield exact global monetary extrema.,"Reviewed 2026-10-03 main.tex lines 32,201. PASS: The paired-rounding relational analysis and semantic properties support insensitivity to alternative calendar rounding in qualifying cases and its relational formulation. The manuscript accurately presents this as prior art rather than a monetary extrema algorithm.",2026-10-03
cutecat2025,CUTECat: Concolic Execution for Computational Law,true,10.1007/978-3-031-91121-7_2,https://link.springer.com/chapter/10.1007/978-3-031-91121-7_2,true,Concrete plus SMT symbolic execution; exact rational values; sign-branch floor encoding of nearest ties-away rounding. Scales to Catala laws and reports a Python backend rounding inconsistency that was fixed upstream.,Core Sections 2-4; rounding and backend discrepancy passages,research_paper,true,Primary author/institution or publisher record; DOI metadata checked where available,No structural period reduction or exact maximum invoice discrepancy; broader language and branching support.,"Reviewed 2026-10-03 main.tex lines 32,201. PASS: Sections 2-4 support exact rational monetary values, sign-aware nearest ties-away Z3 encoding, concolic tests and a reported Python backend rounding discrepancy. The manuscript's fallback/motivation attribution is supported; no Catala integration or global-optimum result is attributed to CUTECat.",2026-10-03
daisy2018,Daisy - Framework for Analysis and Optimization of Numerical Programs (Tool Paper),true,10.1007/978-3-319-89960-2_15,https://link.springer.com/chapter/10.1007/978-3-319-89960-2_15,true,"Dataflow/affine/interval analysis, subdivision, and optimization approaches for floating and fixed point. Modular implementation covering error estimation and accuracy optimization.",Core Section 3 fixed-point and optimization-based analysis,research_paper,true,Primary author/institution or publisher record; DOI metadata checked where available,"Typically returns conservative error bounds against real semantics, not attainable monetary policy discrepancies.","Reviewed 2026-10-03 main.tex lines 32,199. PASS: Tool paper Section 3 supports finite-precision/fixed-point analysis and sound error-estimation/optimization descriptions in introduction and Related work. Conservative real-semantics accuracy analysis is correctly distinguished from attained monetary-policy discrepancy.",2026-10-03
fptaylor2015,Rigorous Estimation of Floating-Point Round-off Errors with Symbolic Taylor Expansions,true,10.1007/978-3-319-19249-9_33,https://soarlab.org/publications/2015_fm_sjrg/,true,Symbolic Taylor expansion of error variables plus rigorous global optimization and HOL Light certificates. Tighter sound bounds on many benchmarks and released reproducible tool.,Core Section 3 objective and abstract error model; proof certificate passages,research_paper,true,Primary author/institution or publisher record; DOI metadata checked where available,"Optimizes an abstraction, allowing overapproximation; not exact comparison of explicit fixed-quantum policies.","Reviewed 2026-10-03 main.tex lines 32,199. PASS: Section 3 and certificate passages support rigorous roundoff bounds via symbolic Taylor error modeling and rigorous optimization. The Related work describes bounds/certificates without claiming that FPTaylor supplies exact monetary-grid extrema.",2026-10-03
fluctuat2011,Static Analysis of Finite Precision Computations,true,10.1007/978-3-642-18275-4_17,https://link.springer.com/chapter/10.1007/978-3-642-18275-4_17,true,"Interval and affine-set/zonotopic abstract domains tracking error propagation and provenance. Implemented Fluctuat analyses for accuracy, sensitivity, and test generation.",Publisher abstract and author-hosted primary text,research_paper,true,Primary author/institution or publisher record; DOI metadata checked where available,Sound abstraction rather than guaranteed attainable optimum for monetary rounding-policy differences.,"Reviewed 2026-10-03 main.tex lines 32,199. PASS: Primary text explicitly includes implemented fixed-point analysis and absolute rounding-error abstraction (Section 2), as well as finite-precision error analysis. It supports both cited source-description sentences; it does not imply exact attainable optima or a RoundGuard proof.",2026-10-03
fixedpoint2013,Synthesis of fixed-point programs,true,10.1109/EMSOFT.2013.6658600,https://doi.org/10.1109/EMSOFT.2013.6658600,true,Expression rewriting and genetic programming with affine-arithmetic error analysis. Shows NP-hardness for a synthesis decision problem and demonstrates improved controller expressions.,"Primary abstract, problem formulation, hardness, related work",research_paper,true,Primary author/institution or publisher record; DOI metadata checked where available,Synthesis of equivalent real expressions differs from exact verification between fixed prescribed monetary programs.,Reviewed 2026-10-03 main.tex lines 199. PASS WITH READING LIMIT: Primary abstract/problem formulation support fixed-point synthesis and accuracy analysis. Only that limited source-description claim is cited; SSL-limited PDF access is not represented as a full-paper reading.,2026-10-03
sadakane2001,Combinatorics and Algorithms on Low-Discrepancy Roundings of a Real Sequence,true,10.1007/3-540-48224-5_14,https://link.springer.com/chapter/10.1007/3-540-48224-5_14,true,Compact state graphs and Viterbi-style dynamic optimization over feasible roundings. Enumerates global roundings and builds optimal compact representations for weaker discrepancy conditions.,Publisher abstract; accessible proceedings excerpt of Sections 3-4,research_paper,true,Primary author/institution or publisher record; DOI metadata checked where available,Chooses rounding outputs for a fixed input sequence; does not optimize input grids under prescribed monetary policies.,Reviewed 2026-10-03 main.tex lines 197. PASS WITH READING LIMIT: Publisher abstract and accessible Sections 3-4 excerpt support compact rounding-state graphs and optimization for fixed real sequences. The manuscript correctly distinguishes choosing outputs for fixed data from searching inputs under fixed policies.,2026-10-03
chen_et_al2022,Interactive Proofs for Rounding Arithmetic,true,10.1109/ACCESS.2022.3223136,https://doi.org/10.1109/ACCESS.2022.3223136,true,Generalizes GKR over a ring and reduces rounding to low-degree polynomial circuits. Efficient interactive proof machinery supporting approximate arithmetic.,Primary full-text problem formulation and theorem overview,research_paper,false,Primary author/institution or publisher record; DOI metadata checked where available,"Certifies evaluation of a circuit, not equivalence or attainable worst-case discrepancy over all monetary inputs.",Not cited in reviewed main.tex; supported candidate claim only,2026-10-03
codinglaws2026,Coding computational laws: 20 recommendations for public administrations,true,10.1080/13600834.2026.2628389,https://doi.org/10.1080/13600834.2026.2628389,true,"Synthesis of computational-law implementation experience and interdisciplinary recommendations. Addresses representation, legal interpretation, deterministic behavior, testing, maintenance, and longevity.",Primary full text; Recommendations 9-10,research_paper,true,Primary author/institution or publisher record; DOI metadata checked where available,Recommendations article; no finite-residue exact optimization theorem. Publisher notes a subsequent correction.,Reviewed 2026-10-03 main.tex lines 201. PASS: Recommendations 9-10 explicitly advocate arbitrary-precision monetary representation and rigorous lawyer-reviewed test suites. The cited general recommendation sentence is supported; it does not attribute a residue theorem or analyzer to this recommendations article.,2026-10-03
bringmann_cassis2023,Faster 0-1-Knapsack via Near-Convex Min-Plus-Convolution,true,10.4230/LIPIcs.ESA.2023.24,https://drops.dagstuhl.de/entities/document/10.4230/LIPIcs.ESA.2023.24,true,Near-convex min-plus convolution and improved dependence on maximum item weight/profit. Faster exact knapsack algorithms in relevant parameter regimes.,Publisher abstract and contribution summary,research_paper,true,Primary author/institution or publisher record; DOI metadata checked where available,Near-convexity is a separate premise; cyclic rounding residue tables need not satisfy it.,"Reviewed 2026-10-03 main.tex lines 197. PASS WITH READING LIMIT: Primary publisher contribution summary supports near-convex min-plus convolution for structured 0-1 knapsack. The manuscript explicitly notes those extra premises need not hold for cyclic residue tables, avoiding an unsupported complexity transfer.",2026-10-03
jin_et_al2026,Deterministic Monotone Min-Plus Product and Convolution,true,10.4230/LIPIcs.ICALP.2026.119,https://drops.dagstuhl.de/entities/document/10.4230/LIPIcs.ICALP.2026.119,true,Deterministic algorithms exploiting bounded monotone inputs with downstream knapsack applications. Nearly matches prior randomized structured convolution bounds.,Primary abstract and knapsack application discussion,research_paper,false,Primary author/institution or publisher record; DOI metadata checked where available,Requires monotonicity/structure absent from arbitrary residue-error tables; not a direct monetary verifier.,Not cited in reviewed main.tex; supported candidate claim only,2026-10-03
skala2017,The Well-Rounded Total,true,,https://ansuz.sooke.bc.ca/entry/334,true,Algorithms for forest-structured totals and minimax rounding; general consistency hardness. Linear-time feasible rounding and O(n log n) minimax algorithm for forests.,"Primary abstract, problem statement, algorithm claims, disclosure of draft status",unpublished_draft_non_peer_reviewed,true,Primary author/institution or publisher record; DOI metadata checked where available,Chooses rounding values for a fixed financial report; not worst input discrepancy between prescribed policies; explicitly non-peer-reviewed.,Reviewed 2026-10-03 main.tex lines 191. PASS: Author PDF introduction supports financial line-versus-total motivation; Section 2 Problem 1/Lemma 2 fixes labels and seeks consistent rounded totals; Section 3 Problem 3/Theorem 4 optimizes maximum node error. The closing author note explicitly disclaims peer review. The objective distinction and rejection as a same-task runtime baseline are valid reviewer inferences.,2026-10-03
tao_et_al2026,Probabilistic Floating-Point Round-Off Analysis via Concentration Inequalities,true,10.48550/arXiv.2605.04232,https://arxiv.org/abs/2605.04232,true,Concentration inequalities over Taylor error expansions with polynomial overapproximation and range partitioning. Scalable probabilistic numerical error analysis under stated independence models.,Primary abstract and submission metadata,preprint,false,Primary author/institution or publisher record; DOI metadata checked where available,Probabilistic bounds rather than exact deterministic monetary policy extrema; final journal metadata not asserted.,Not cited in reviewed main.tex; supported candidate claim only,2026-10-03
herbie2015,Automatically Improving Accuracy for Floating Point Expressions,true,10.1145/2737924.2737959,https://pldi15.sigplan.org/details/pldi2015-papers/5/Automatically-Improving-Accuracy-for-Floating-Point-Expressions,true,"Samples bit patterns, estimates error using high precision, localizes error, applies algebraic rewrites and series expansion, then combines input regimes. Demonstrates automatic accuracy improvement without requiring a numerical expert to choose the rewrites.","Core Sections 4.1-4.3: sampling, rewriting loop, error localization",research_paper,true,Primary author/institution or publisher record; DOI metadata checked where available,Heuristic sampled accuracy is not an exact worst-case guarantee; real-equivalent rewrites may change explicit monetary-policy meaning.,"Reviewed 2026-10-03 main.tex lines 199. PASS: Sections 4.1-4.3 explicitly use sampled high-precision accuracy estimates, error localization and expression rewriting. The manuscript's description correctly distinguishes heuristic search from guaranteed worst-case policy extrema.",2026-10-03
robust2013,Robustness Analysis of Finite Precision Implementations,true,10.1007/978-3-319-03542-0_4,https://link.springer.com/chapter/10.1007/978-3-319-03542-0_4,true,Extends affine-set abstract interpretation with a labeled discontinuity-error component and constraints for unstable branches. Makes error analysis sound in the presence of unstable tests and implements it in Fluctuat.,"Core long-version Sections 2-3 and 5: constrained affine sets, unstable tests, experiments",research_paper,true,Primary author/institution or publisher record; DOI metadata checked where available,Conservative error bounds rather than attainable extrema; possible input generation is discussed as future work. The primary arXiv text is a longer version of the eight-page published paper.,Reviewed 2026-10-03 main.tex lines 199. PASS: Long-version Sections 2-3 and 5 treat unstable tests/branch discontinuities through constrained affine sets and discontinuity errors. The cited sentence supports robustness analysis of discontinuous branch changes; published short version and inspected longer primary version are distinguished in the ledger.,2026-10-03
scallop2023,Scallop: A Language for Neurosymbolic Programming,true,10.1145/3591280,https://doi.org/10.1145/3591280,true,"Datalog with recursion, aggregation, negation and provenance semirings propagating probabilistic or differentiable tags. Provides a language and execution framework evaluated on eight neurosymbolic tasks.",Core Sections 3 and 4.1: language constructs and provenance framework,research_paper,true,Primary author/institution or publisher record; DOI metadata checked where available,Not a computational-law DSL and does not provide monetary rounding-policy analysis.,Not cited in reviewed main.tex; supported candidate claim only,2026-10-03
flocq2011,Flocq: A Unified Library for Proving Floating-Point Algorithms in Coq,true,10.1109/ARITH.2011.40,https://guillaume.melquiond.fr/,true,"Defines total monotone rounding predicates and proves generic arithmetic properties, separating tie-breaking assumptions. A reusable mechanized library for proving properties of floating-point algorithms.","Core Section III: directed and nearest rounding predicates, generic formats",research_paper,true,Primary author/institution or publisher record; DOI metadata checked where available,A proof library rather than an automatic monetary discrepancy optimizer; no machine-checked RoundGuard proof follows from citing it.,Reviewed 2026-10-03 main.tex lines 199. PASS: Section III generic formats/rounding predicates support foundational arithmetic proofs in Coq. The manuscript does not claim its own proof is mechanized or automatically follows from Flocq.,2026-10-03
z32008,Z3: An Efficient SMT Solver,true,10.1007/978-3-540-78800-3_24,https://www.microsoft.com/en-us/research/publication/z3-an-efficient-smt-solver/,true,"DPLL-based Boolean search, congruence closure, satellite theory solvers and quantifier instantiation. Reusable decision infrastructure for verification and test-generation clients.",Core four-page tool paper: clients and solver architecture,research_paper,true,Primary author/institution or publisher record; DOI metadata checked where available,The 2008 paper is not documentation of current optimization APIs or proof that a particular benchmark encoding is complete.,"Reviewed 2026-10-03 main.tex lines 162. PASS: The four-page tool paper identifies Z3 and its SMT architecture, supporting the solver citation. The manuscript's own integer/rational/tie/parity encoding requires its separate proof and implementation evidence; this source alone does not validate that encoding or current optimization APIs.",2026-10-03
gappa2010,Certification of bounds on expressions involving rounded operators,true,10.1145/1644001.1644003,https://gappa.gitlabpages.inria.fr/gappa/bibliography.html,true,"Interval arithmetic, forward error analysis, rewriting and formal proof generation for fixed- and floating-point arithmetic. Produces proof-assistant-checkable numerical bound certificates.","Core Sections 2-3: explicit rounding input language, rewriting and bound certification",research_paper,true,Primary author/institution or publisher record; DOI metadata checked where available,Enclosure certification does not in general establish the attainable monetary policy optimum. Author PDF is a 2009 prepublication draft; bibliographic year is 2010.,"Reviewed 2026-10-03 main.tex lines 199. PASS: Sections 2-3 support explicit rounded operators, interval/rewriting bounds and proof-assistant-checkable certificates. The cited sentence describes sound numerical analysis/certificates, without equating certified enclosures with attained monetary extrema.",2026-10-03
fpbench2017,Toward a Standard Benchmark Format and Suite for Floating-Point Analysis,true,10.1007/978-3-319-54292-8_6,https://link.springer.com/chapter/10.1007/978-3-319-54292-8_6,true,"FPCore/FPImp semantics, explicit metadata and standardized axes separating sound maximum error from sampled average error. Enables fair comparisons and composition of complementary floating-point tools.","Core Sections 2-3 and 5: semantics, error measures, benchmark provenance",research_paper,true,Primary author/institution or publisher record; DOI metadata checked where available,Not a monetary-policy corpus. Meeting is NSV 2016; revised proceedings were published in 2017. Publisher authors are Chen Qiu and Alexander Sanchez-Stern.,"Reviewed 2026-10-03 main.tex lines 201. PASS: Sections 2-3 and 5 support explicit numerical benchmark semantics, measures and provenance for auditable tool comparisons. The manuscript expressly separates its monetary JSON suite from FPBench, avoiding an unsupported extension claim.",2026-10-03
precisa2024,Rigorous Floating-Point Round-Off Error Analysis in PRECiSA 4.0,true,10.1007/978-3-031-71177-0_2,https://link.springer.com/chapter/10.1007/978-3-031-71177-0_2,true,"Static conditional-error semantics, rigorous optimization and PVS certificates; modular call analysis and updated IEEE-754 formalization. Broadens supported constructs and improves analysis of larger numerical programs.","Core Sections 2, 3 and 5: error model, modular analysis and PVS certificates",research_paper,false,Primary author/institution or publisher record; DOI metadata checked where available,"The guarantee is an overapproximation, not a guaranteed attainable exact policy discrepancy; fixed-point support is listed as future work.",Not cited in reviewed main.tex; supported candidate claim only,2026-10-03
quickcheck2000,QuickCheck: A Lightweight Tool for Random Testing of Haskell Programs,true,10.1145/351240.351266,https://www.cse.chalmers.se/~rjmh/QuickCheck/,true,Properties as Haskell functions with programmable test-data generators. Establishes lightweight property-based random testing as a reusable validation method.,Original publisher DOI metadata and original authors' tool documentation; original full paper not read,research_paper,false,Primary author/institution or publisher record; DOI metadata checked where available,"Random tests do not establish exhaustive correctness or equivalence. Original ICFP DOI is used, not the 2011 reprint DOI.",Not cited in reviewed main.tex; supported candidate claim only,2026-10-03
stipula2023,Pacta sunt servanda: Legal contracts in Stipula,true,10.1016/j.scico.2022.102911,https://cris.unibo.it/handle/11585/912506,true,"Operational semantics, observational equivalence and type inference, with a centralized prototype. Shows how legal contract behavior can be modeled and checked with concurrency-theory concepts.",Primary institutional abstract and accepted-paper introduction; full semantic proofs not audited,research_paper,true,Primary author/institution or publisher record; DOI metadata checked where available,No exact monetary rounding-policy extrema claimed. The 2023 journal paper has four authors; the 2021 arXiv version has three and is not interchangeable.,Not cited in reviewed main.tex; supported candidate claim only,2026-10-03
hmrc_vat,VAT guide (VAT Notice 700),true,,https://www.gov.uk/guidance/vat-guide-notice-700,true,Invoice traders and retailers have distinct permitted rounding rules; line and final invoice quantization are explicitly described.,"Primary guidance Sections 17.5, 17.5.1, 17.5.2 and 17.6",primary_policy_or_software_documentation,true,Official government or project-maintained primary source,Guidance conditions matter; examples do not prove both compared alternatives lawful for every trader. Last update observed 25 June 2026.,"Reviewed 2026-10-03 main.tex lines 30,186. PASS: Sections 17.5-17.6 support the introduction's line/final VAT stages and the fragment's tenth-penny line and final-penny motivation. Trader conditions and the chosen 20% rate/window remain explicit benchmark assumptions; the citation does not certify either alternative's legal applicability.",2026-10-03
irs_p15,"Publication 15 (2026), (Circular E), Employer’s Tax Guide",true,,https://www.irs.gov/publications/p15,true,Payroll withholding rounded per employee can differ from a tax computed on aggregate wages; the guidance describes fractions-of-cents adjustments.,Primary guidance Section 13: fractions-of-cents adjustment,primary_policy_or_software_documentation,true,Official government or project-maintained primary source,"A restricted arithmetic model is not a complete implementation of payroll tax caps, additional taxes, adjustments or filing rules.","Reviewed 2026-10-03 main.tex lines 30,186. PASS: Section 13 supports individual-payroll rounding differences and fractions-of-cents adjustments, with separate 6.2% and 1.45% employee-side rates. The manuscript labels the combined-rate comparison counterfactual and omits caps/additional taxes/reporting adjustments; no claim of a complete payroll calculator is supported.",2026-10-03
ssa_rounding,POMS RS 00601.020: Rounding of Benefits,true,,https://secure.ssa.gov/poms.nsf/lnx/0300601020,true,"Benefit calculations use dime, cent, truncated and lower-dollar rules at distinct stages; intermediate computations are not generally rounded.",Primary POMS policy Sections A-D,primary_policy_or_software_documentation,true,Official government or project-maintained primary source,Rules depend on computation type and effective date. A small affine example is not a full SSA benefit calculation.,"Reviewed 2026-10-03 main.tex lines 30,188. PASS: POMS RS00601.020 Sections A-D support distinct cent/dime/dollar stages and certain entitlement comparisons before lower-dollar rounding. The manuscript distinguishes illustrative factors/offsets/thresholds from an implemented statutory benefit formula.",2026-10-03
cra_cash,Phasing Out of the Penny: GST/HST Info Sheet GI-131,true,,https://publications.gc.ca/collections/collection_2012/arc-cra/Rv12-5-131-2012-eng.pdf,true,Cash-payment rounding to five cents follows tax calculation; phasing out the penny does not change calculation/reporting of GST/HST.,Primary government info-sheet: cash rounding and GST/HST treatment,primary_policy_or_software_documentation,true,Official government or project-maintained primary source,Cash and electronic payment differ; this policy is not permission to round individual tax amounts to five cents.,"Reviewed 2026-10-03 main.tex lines 188. PASS: Official GI-131 states cash nickel rounding after taxes and unchanged GST/HST calculations. The manuscript properly labels early per-component rounding as an intentionally compared alternative, not Canadian policy.",2026-10-03
brick_money,brick/money: Money contexts and advanced calculations,true,,https://github.com/brick/money,true,"The library supports cash quantum contexts and exact rational intermediates, and documents that early rounding may change results.","Primary maintained README: CashContext, RationalMoney and currency conversion",primary_policy_or_software_documentation,true,Official government or project-maintained primary source,Mutable documentation accessed 3 October 2026; library semantics alone are not evidence for an implemented adapter or a discovered bug.,Reviewed 2026-10-03 main.tex lines 188. PASS: Maintained README RationalMoney and context sections support exact rational intermediates/deferred rounding and consequences of early rounding. The manuscript declares independently chosen rates and no copied external implementation; no Brick bug or tested adapter is claimed.,2026-10-03
EXCLUDED_wrong_rosa_fetch_1301_5341,Role of internal gases and creep of Ag in controlling the critical current density of Ag-sheathed Bi2Sr2CaCu2Ox wires,false,,https://arxiv.org/pdf/1301.5341,false,"None for RoundGuard. This is a superconducting-wire paper, not a Rosa verification paper.",First page checked to identify unrelated content,rejected_wrong_fetch,false,Downloaded rosa.txt/PDF title contradicts requested CS paper title,Do not cite or count as a CS related-work paper. Keep the rejection trail; no title/URL repair by guessing.,Excluded,2026-10-03
aswal2012,On Basic Financial Decimal Operations on Binary Machines,true,10.1109/TC.2012.89,https://doi.org/10.1109/TC.2012.89,true,"Exact monetary rounding, worst-case/adversarial inputs and executable financial error analysis.","Targeted primary Sections 3-5: transaction model, error tables, worst-case sequences",peer-reviewed research paper,true,Exact Crossref DOI record and primary/publisher header; cached reviewer_primary/aswal2012_metadata.json,"Compares binary execution with correct decimal computation, not exact fixed-policy line/total discrepancy over independent grids; performance implementation sections were not fully read.","Reviewed 2026-10-03 main.tex lines 193. PASS: Primary Sections 3-5 define financial transactions and decimal/binary error tables and construct recurring-error transaction sequences. The relevant distinction is binary execution versus correctly rounded decimal computation, rather than different prescribed exact monetary policies over bounded independent inputs. No first-worst-case financial-analysis claim is supported.",2026-10-03
yap_yu2009,Foundations of Exact Rounding,true,10.1007/978-3-642-00202-1_2,https://link.springer.com/chapter/10.1007/978-3-642-00202-1_2,true,Exact grid rounding and parity-based nearest tie conventions are established mathematics.,Targeted primary Section 2 rounding framework and problem definitions; transcendence proofs not read,peer-reviewed research paper,true,Exact Crossref DOI record and primary/publisher header; cached reviewer_primary/yap_yu2009_metadata.json,"Focuses on correctly rounded elementary functions, not monetary-policy discrepancy or independent-line attainable extrema.",Not cited in reviewed main.tex; supplementary parity-revision context only,2026-10-03
kis_horvath2022,"Ideal, non-extended formulations for disjunctive constraints admitting a network representation",true,10.1007/s10107-021-01652-z,https://link.springer.com/article/10.1007/s10107-021-01652-z,true,"Parity-constrained optimization is established infrastructure, adjacent to two-state combination.",Targeted primary abstract and Section 5.5 parity polytope; general formulation proof not fully read,peer-reviewed research paper,true,Exact Crossref DOI record and primary/publisher header; cached reviewer_primary/kis_horvath2022_metadata.json,"Does not give the monetary identity or cheapest parity-flip argument; online publication 2021, print volume 2022.",Not cited in reviewed main.tex; supplementary parity-revision context only,2026-10-03
lenstra1983,Integer Programming with a Fixed Number of Variables,true,10.1287/moor.8.4.538,https://pubsonline.informs.org/doi/abs/10.1287/moor.8.4.538,true,Fixed-parity local rounding strips reduce to two-variable integer optimization; polynomial-bit alternative inferred by the reviewer.,"Primary abstract, input model and introductory theorem discussion; full geometry-of-numbers proof not checked",peer-reviewed research paper,true,Exact Crossref DOI record and primary/publisher header; cached reviewer_primary/lenstra1983_metadata.json,No monetary rounding algorithm is explicitly supplied; the prototype does not implement the inferred fixed-dimension alternative.,"Reviewed 2026-10-03 main.tex lines 204. PASS WITH READING LIMIT: The primary input model and main-result discussion support polynomial-bit integer feasibility for fixed variable dimension. The monetary fixed-parity two-variable strip is the manuscript/reviewer's derived application, not a result explicitly stated by Lenstra. The enumerative prototype does not implement this alternative; no inherent pseudo-polynomial lower bound follows.",2026-10-03
