key,title,authors,year,venue,url_or_doi,problem,formalism,analysis_method,rounding,aggregation,money_type,counterexample_generation,real_world_evaluation,main_contribution,difference_from_our_work,reading_depth,score,limitations,abstract_summary,source_type,primary_fulltext,verified_on,source_key
williams2011,The problem with integer programming,H. P. Williams,2011,IMA Journal of Management Mathematics,https://doi.org/10.1093/imaman/dpq014,Surveys structural obstacles to integer programming and alternative mathematical representations.,Nested Chvatal rounding functions; integer monoids,Uses integer monoids and nested-rounding Chvátal functions including directed-tree representations.,Ceiling/integer rounding,Tree sums,Not monetary typed,No,Mathematical examples,Explicitly states shift periodicity and illustrates affine average gradient of a nested rounding tree.,Does not give the proposed mixed-mode bounded-grid invoice analyzer. Working paper is 2010; journal issue is 2011; DOI imaman not inaman.,Core sections; working-paper PDF pages 21-23,10,Does not give the proposed mixed-mode bounded-grid invoice analyzer. Working paper is 2010; journal issue is 2011; DOI imaman not inaman.,Surveys structural obstacles to integer programming and alternative mathematical representations.,research_paper,https://personal.lse.ac.uk/williahp/pubs/WP%2010-118.pdf,2026-10-03,williams2011
rhodes_williams1995,Discrete subadditive functions as Gomory functions,Frank Rhodes; H. Paul Williams,1995,Mathematical Proceedings of the Cambridge Philosophical Society,https://doi.org/10.1017/S0305004100073370,Studies when discrete subadditive functions belong to a class arising in pure integer programming.,Discrete subadditive/Gomory functions,Uses pure integer programming proof methods motivated by discrete metrics.,Integer rounding foundations,Subadditive composition,N/A,No,Mathematical characterization,Characterizes a class of Gomory functions and connects it to discrete subadditivity.,Full proof not inspected; no specific periodicity theorem attributed to this paper. Print issue year 1995 despite later online digitization.,Publisher extract and metadata; not full proof,6,Full proof not inspected; no specific periodicity theorem attributed to this paper. Print issue year 1995 despite later online digitization.,Studies when discrete subadditive functions belong to a class arising in pure integer programming.,research_paper,,2026-10-03,rhodes_williams1995
basu_et_al2019,"Mixed-Integer Linear Representability, Disjunctions, and Chvátal Functions—Modeling Implications",Amitabh Basu; Kipp Martin; Christopher Thomas Ryan; Guanyi Wang,2019,Mathematics of Operations Research,https://doi.org/10.1287/moor.2018.0967,Characterizes mixed-integer representable sets through affine Chvátal inequalities.,Rational affine Chvatal binary trees; mixed-integer sets,"Binary trees of rational affine leaves, positive scaling, addition, ceiling; sequential elimination with auxiliary integer variables.",Ceiling,Addition and positive scaling,N/A,No,Representability examples,Gives exact algebraic representation and projection closure without requiring disjunctions.,Positive scaling and ceiling fragment; does not state the specific invoice finite-state optimization.,Core Definition 2.2 and Section 3 elimination proofs,9,Positive scaling and ceiling fragment; does not state the specific invoice finite-state optimization.,Characterizes mixed-integer representable sets through affine Chvátal inequalities.,research_paper,https://arxiv.org/html/1711.07028v1,2026-10-03,basu_et_al2019
verdoolaege2010,isl: An Integer Set Library for the Polyhedral Model,Sven Verdoolaege,2010,Mathematical Software – ICMS 2010,https://doi.org/10.1007/978-3-642-15582-6_49,Presents a library for exact manipulation of integer sets and relations bounded by affine constraints.,"Integer sets, relations and quasi-affine expressions","Arbitrary-precision integer arithmetic, integer-set operations, and quasi-affine expressions with constant integer division.",Constant integer division/floor expressions,Set and relation operations,N/A,Models/points possible through general library,Polyhedral software infrastructure,Reusable infrastructure for exact polyhedral and Presburger-style analysis.,General library; not a monetary-policy tool or a claim of minimal residue periods.,Publisher paper abstract; official manual core Section 1.4.13 (manual is not the conference paper),9,General library; not a monetary-policy tool or a claim of minimal residue periods.,Presents a library for exact manipulation of integer sets and relations bounded by affine constraints.,research_paper,https://libisl.sourceforge.io/manual.pdf,2026-10-03,verdoolaege2010
woods2015,"Presburger arithmetic, rational generating functions, and quasi-polynomials",Kevin Woods,2015,The Journal of Symbolic Logic,https://doi.org/10.1017/jsl.2015.4,Connects Presburger-definable sets and counting functions to rational generating functions and piecewise quasi-polynomials.,Presburger formulas; rational generating functions,Logical and geometric characterizations of integer sets using linear inequalities and quantifiers.,Implicit integer/quasipolynomial structure,Counting and projection,N/A,No specialized monetary witnesses,Mathematical equivalences and complexity,Provides equivalent representations and discusses their complexity.,Counting theorem is not itself the proposed equality or discrepancy algorithm.,Abstract and foundational definitions,8,Counting theorem is not itself the proposed equality or discrepancy algorithm.,Connects Presburger-definable sets and counting functions to rational generating functions and piecewise quasi-polynomials.,research_paper,https://www2.oberlin.edu/faculty/kwoods/research/Presburger_full.pdf,2026-10-03,woods2015
catala2021,Catala: a programming language for the law,Denis Merigoux; Nicolas Chataing; Jonathan Protzenko,2021,Proceedings of the ACM on Programming Languages,https://doi.org/10.1145/3473582,Introduces an executable language for computational statutes with general-rule and exception structure.,Typed legal DSL and default calculus,Default logic and a compiler whose core transformations are proved in F*.,Not a rounding-analysis contribution in this paper,Legal computation composition,Dedicated money type,Implementation validation; not invoice extrema,US tax and French benefits encodings,Evaluates US tax and French benefit encodings and reports an official implementation bug.,No specialized exact rounding-period or invoice discrepancy DP.,"Core Sections 4.2, 4.5 and 5: default calculus, F* compiler proof and implementation",8,No specialized exact rounding-period or invoice discrepancy DP.,Introduces an executable language for computational statutes with general-rule and exception structure.,research_paper,https://arxiv.org/abs/2103.03198,2026-10-03,merigoux_et_al2021
date2024,Formalizing Date Arithmetic and Statically Detecting Ambiguities for the Law,Raphaël Monat; Aymeric Fromherz; Denis Merigoux,2024,"Programming Languages and Systems, ESOP 2024",https://doi.org/10.1007/978-3-031-57267-8_16,Formalizes ambiguous date arithmetic used in legal eligibility computations.,Formal calendar semantics; paired relational abstract interpretation,F* semantic properties and relational abstract interpretation of paired rounding modes.,Date ambiguity modes,Date arithmetic expression composition,Dates; monetary grids not target,Ambiguity inputs in law cases,French housing-benefit date computations,Proves rounding-insensitivity in some cases and finds date ambiguities in housing benefits.,Calendar arithmetic rather than rational monetary grids; abstract analysis need not yield exact global monetary extrema.,"Core semantics, paired analysis, sync definition, case study",10,Calendar arithmetic rather than rational monetary grids; abstract analysis need not yield exact global monetary extrema.,Formalizes ambiguous date arithmetic used in legal eligibility computations.,research_paper,https://arxiv.org/html/2403.08935v1,2026-10-03,monat_et_al2024
cutecat2025,CUTECat: Concolic Execution for Computational Law,Pierre Goutagny; Aymeric Fromherz; Raphaël Monat,2025,"Programming Languages and Systems, ESOP 2025",https://doi.org/10.1007/978-3-031-91121-7_2,Generates tests for computational law while handling default logic.,Catala expressions; concrete/symbolic execution and SMT,Concrete plus SMT symbolic execution; exact rational values; sign-branch floor encoding of nearest ties-away rounding.,Exact sign-aware nearest ties-away encoding,Law-level collections and arithmetic,Exact rational symbolic monetary values,Yes: path-generated tests and backend discrepancies,Real Catala law programs and compiler backends,Scales to Catala laws and reports a Python backend rounding inconsistency that was fixed upstream.,No structural period reduction or exact maximum invoice discrepancy; broader language and branching support.,Core Sections 2-4; rounding and backend discrepancy passages,10,No structural period reduction or exact maximum invoice discrepancy; broader language and branching support.,Generates tests for computational law while handling default logic.,research_paper,https://rmonat.fr/data/pubs/2025/2025-05-03_esop_cutecat.pdf,2026-10-03,goutagny_et_al2025
daisy2018,Daisy - Framework for Analysis and Optimization of Numerical Programs (Tool Paper),Eva Darulova; Anastasiia Izycheva; Fariha Nasir; Fabian Ritter; Heiko Becker; Robert Bastian,2018,"Tools and Algorithms for the Construction and Analysis of Systems, TACAS 2018",https://doi.org/10.1007/978-3-319-89960-2_15,Combines numerical accuracy analyses and optimizations in a single framework.,Numerical expression IR; interval/affine/optimization error models,"Dataflow/affine/interval analysis, subdivision, and optimization approaches for floating and fixed point.",Floating- and fixed-point operations,Arithmetic expression composition,No dedicated monetary type,No guaranteed attainable discrepancy witness,Numerical program benchmarks,Modular implementation covering error estimation and accuracy optimization.,"Typically returns conservative error bounds against real semantics, not attainable monetary policy discrepancies.",Core Section 3 fixed-point and optimization-based analysis,7,"Typically returns conservative error bounds against real semantics, not attainable monetary policy discrepancies.",Combines numerical accuracy analyses and optimizations in a single framework.,research_paper,https://link.springer.com/chapter/10.1007/978-3-319-89960-2_15,2026-10-03,darulova_et_al2018
fptaylor2015,Rigorous Estimation of Floating-Point Round-off Errors with Symbolic Taylor Expansions,Alexey Solovyev; Charles Jacobsen; Zvonimir Rakamarić; Ganesh Gopalakrishnan,2015,FM 2015: Formal Methods,https://doi.org/10.1007/978-3-319-19249-9_33,Computes rigorous maximum floating-point roundoff bounds including transcendental functions.,Symbolic Taylor error expansion and rigorous optimization,Symbolic Taylor expansion of error variables plus rigorous global optimization and HOL Light certificates.,Floating-point operation errors,Expression error propagation,N/A,No guaranteed attainable monetary witness,Numerical benchmark suite,Tighter sound bounds on many benchmarks and released reproducible tool.,"Optimizes an abstraction, allowing overapproximation; not exact comparison of explicit fixed-quantum policies.",Core Section 3 objective and abstract error model; proof certificate passages,7,"Optimizes an abstraction, allowing overapproximation; not exact comparison of explicit fixed-quantum policies.",Computes rigorous maximum floating-point roundoff bounds including transcendental functions.,research_paper,https://soarlab.org/papers/2015_fm_sjrg.pdf,2026-10-03,solovyev_et_al2015
fluctuat2011,Static Analysis of Finite Precision Computations,Eric Goubault; Sylvie Putot,2011,"Verification, Model Checking, and Abstract Interpretation, VMCAI 2011",https://doi.org/10.1007/978-3-642-18275-4_17,Bounds program values and differences between real and finite-precision computations.,Affine sets/zonotopes for finite-precision programs,Interval and affine-set/zonotopic abstract domains tracking error propagation and provenance.,Floating- and fixed-point numerical errors,Program expressions and control flow,N/A,Discusses test generation; not exact policy optimum,Representative numerical/industrial computations,"Implemented Fluctuat analyses for accuracy, sensitivity, and test generation.",Sound abstraction rather than guaranteed attainable optimum for monetary rounding-policy differences.,Publisher abstract and author-hosted primary text,7,Sound abstraction rather than guaranteed attainable optimum for monetary rounding-policy differences.,Bounds program values and differences between real and finite-precision computations.,research_paper,https://www.lix.polytechnique.fr/Labo/Sylvie.Putot/Publications/vmcai11.pdf,2026-10-03,goubault_putot2011
fixedpoint2013,Synthesis of fixed-point programs,Eva Darulova; Viktor Kuncak; Rupak Majumdar; Indranil Saha,2013,"International Conference on Embedded Software, EMSOFT 2013",https://doi.org/10.1109/EMSOFT.2013.6658600,Finds fixed-point implementations of real polynomials with improved worst-case accuracy.,Fixed-point expression synthesis with affine error bounds,Expression rewriting and genetic programming with affine-arithmetic error analysis.,Fixed-point operations,Expression rewrite composition,N/A,"Search generates candidates, not global policy counterexamples",Control-system expression examples,Shows NP-hardness for a synthesis decision problem and demonstrates improved controller expressions.,Synthesis of equivalent real expressions differs from exact verification between fixed prescribed monetary programs.,"Primary abstract, problem formulation, hardness, related work",7,Synthesis of equivalent real expressions differs from exact verification between fixed prescribed monetary programs.,Finds fixed-point implementations of real polynomials with improved worst-case accuracy.,research_paper,https://lara.epfl.ch/~kuncak/papers/DarulovaETAL13SynthesisFixedPointPrograms.pdf,2026-10-03,darulova_et_al2013
sadakane2001,Combinatorics and Algorithms on Low-Discrepancy Roundings of a Real Sequence,Kunihiko Sadakane; Nadia Takki-Chebihi; Takeshi Tokuyama,2001,"Automata, Languages and Programming, ICALP 2001",https://doi.org/10.1007/3-540-48224-5_14,Represents sequences of integral roundings that satisfy subinterval discrepancy requirements.,Discrepancy of real sequences; feasible rounding graph,Compact state graphs and Viterbi-style dynamic optimization over feasible roundings.,Chooses adjacent-integer roundings,Prefix/window sequence sums,No dedicated money type,"Constructs optimum rounding sequence, not worst input",Algorithmic sequence examples,Enumerates global roundings and builds optimal compact representations for weaker discrepancy conditions.,Chooses rounding outputs for a fixed input sequence; does not optimize input grids under prescribed monetary policies.,Publisher abstract; accessible proceedings excerpt of Sections 3-4,8,Chooses rounding outputs for a fixed input sequence; does not optimize input grids under prescribed monetary policies.,Represents sequences of integral roundings that satisfy subinterval discrepancy requirements.,research_paper,,2026-10-03,sadakane_et_al2001
chen_et_al2022,Interactive Proofs for Rounding Arithmetic,Shuo Chen; Jung Hee Cheon; Dongwoo Kim; Daejun Park,2022,IEEE Access,https://doi.org/10.1109/ACCESS.2022.3223136,Verifies outsourced approximate computations expressed as circuits with rounding gates.,Interactive proofs over rings and arithmetic circuits,Generalizes GKR over a ring and reduces rounding to low-degree polynomial circuits.,Rounded arithmetic evaluation,Circuit gates,N/A,"Verification of claimed evaluation, not all-input equivalence",Proof-system evaluations,Efficient interactive proof machinery supporting approximate arithmetic.,"Certifies evaluation of a circuit, not equivalence or attainable worst-case discrepancy over all monetary inputs.",Primary full-text problem formulation and theorem overview,5,"Certifies evaluation of a circuit, not equivalence or attainable worst-case discrepancy over all monetary inputs.",Verifies outsourced approximate computations expressed as circuits with rounding gates.,research_paper,https://doi.org/10.1109/ACCESS.2022.3223136,2026-10-03,chen_et_al2022
codinglaws2026,Coding computational laws: 20 recommendations for public administrations,Raphaël Monat; Liane Huttner,2026,Information & Communications Technology Law,https://doi.org/10.1080/13600834.2026.2628389,Recommends practices for developing and maintaining long-lived legal computations.,Computational-law engineering recommendations,Synthesis of computational-law implementation experience and interdisciplinary recommendations.,Discusses numerical representation and determinism,General legal calculations,Recommends appropriate arbitrary precision,Testing recommendations,Public-administration implementation experience,"Addresses representation, legal interpretation, deterministic behavior, testing, maintenance, and longevity.",Recommendations article; no finite-residue exact optimization theorem. Publisher notes a subsequent correction.,Primary full text; Recommendations 9-10,8,Recommendations article; no finite-residue exact optimization theorem. Publisher notes a subsequent correction.,Recommends practices for developing and maintaining long-lived legal computations.,research_paper,https://rmonat.fr/data/pubs/2026/2026-02-16_legal_code_recos.pdf,2026-10-03,monat_huttner2026
bringmann_cassis2023,Faster 0-1-Knapsack via Near-Convex Min-Plus-Convolution,Karl Bringmann; Alejandro Cassis,2023,"31st Annual European Symposium on Algorithms, ESA 2023",https://doi.org/10.4230/LIPIcs.ESA.2023.24,Improves pseudopolynomial knapsack algorithms through structured min-plus convolution.,Exact knapsack; near-convex min-plus convolution,Near-convex min-plus convolution and improved dependence on maximum item weight/profit.,N/A,Min-plus convolution,N/A,Knapsack solution construction,Theoretical algorithm analysis,Faster exact knapsack algorithms in relevant parameter regimes.,Near-convexity is a separate premise; cyclic rounding residue tables need not satisfy it.,Publisher abstract and contribution summary,7,Near-convexity is a separate premise; cyclic rounding residue tables need not satisfy it.,Improves pseudopolynomial knapsack algorithms through structured min-plus convolution.,research_paper,https://arxiv.org/abs/2305.01593,2026-10-03,bringmann_cassis2023
jin_et_al2026,Deterministic Monotone Min-Plus Product and Convolution,Ce Jin; Jaewoo Park; Barna Saha; Yinzhan Xu,2026,"53rd International Colloquium on Automata, Languages, and Programming, ICALP 2026",https://doi.org/10.4230/LIPIcs.ICALP.2026.119,Derandomizes structured min-plus product and convolution algorithms.,Bounded monotone min-plus product/convolution,Deterministic algorithms exploiting bounded monotone inputs with downstream knapsack applications.,N/A,Structured min-plus convolution,N/A,Not monetary witnesses,Theoretical algorithm/knapsack applications,Nearly matches prior randomized structured convolution bounds.,Requires monotonicity/structure absent from arbitrary residue-error tables; not a direct monetary verifier.,Primary abstract and knapsack application discussion,6,Requires monotonicity/structure absent from arbitrary residue-error tables; not a direct monetary verifier.,Derandomizes structured min-plus product and convolution algorithms.,research_paper,https://drops.dagstuhl.de/storage/00lipics/lipics-vol374-icalp2026/html/LIPIcs.ICALP.2026.119/LIPIcs.ICALP.2026.119.html,2026-10-03,jin_et_al2026
skala2017,The Well-Rounded Total,Matthew Skala,2017,"Author-hosted preliminary draft, not peer reviewed",https://ansuz.sooke.bc.ca/entry/334,Studies rounded financial reports whose totals must remain consistent.,Financial report total forest/DAG rounding constraints,Algorithms for forest-structured totals and minimax rounding; general consistency hardness.,Selects up/down rounding outputs,Forest totals; general DAG constraints,Real financial report values,Constructs rounding assignment,Financial report examples in a draft,Linear-time feasible rounding and O(n log n) minimax algorithm for forests.,Chooses rounding values for a fixed financial report; not worst input discrepancy between prescribed policies; explicitly non-peer-reviewed.,"Primary abstract, problem statement, algorithm claims, disclosure of draft status",9,Chooses rounding values for a fixed financial report; not worst input discrepancy between prescribed policies; explicitly non-peer-reviewed.,Studies rounded financial reports whose totals must remain consistent.,unpublished_draft_non_peer_reviewed,https://ansuz.sooke.bc.ca/professional/rounding.pdf,2026-10-03,skala2017
tao_et_al2026,Probabilistic Floating-Point Round-Off Analysis via Concentration Inequalities,Yichen Tao; Hongfei Fu; Jiawei Chen; Jean-Baptiste Jeannin,2026,arXiv preprint; described as long version of OOPSLA 2026 paper,https://doi.org/10.48550/arXiv.2605.04232,Derives probabilistic roundoff thresholds for floating-point programs.,Random rounding-error model; concentration inequalities,Concentration inequalities over Taylor error expansions with polynomial overapproximation and range partitioning.,Probabilistic floating-point error assumptions,Taylor error expansion and polynomial bounds,N/A,No exact deterministic policy witness,Numerical analysis benchmarks,Scalable probabilistic numerical error analysis under stated independence models.,Probabilistic bounds rather than exact deterministic monetary policy extrema; final journal metadata not asserted.,Primary abstract and submission metadata,5,Probabilistic bounds rather than exact deterministic monetary policy extrema; final journal metadata not asserted.,Derives probabilistic roundoff thresholds for floating-point programs.,preprint,https://arxiv.org/abs/2605.04232,2026-10-03,tao_et_al2026
herbie2015,Automatically Improving Accuracy for Floating Point Expressions,Pavel Panchekha; Alex Sanchez-Stern; James R. Wilcox; Zachary Tatlock,2015,PLDI 2015,https://doi.org/10.1145/2737924.2737959,Searches for more accurate floating-point implementations of a real-valued expression.,Real expression and floating-point implementations,"Samples bit patterns, estimates error using high precision, localizes error, applies algebraic rewrites and series expansion, then combines input regimes.",Floating-point operation behavior,Expression rewrites and regimes,N/A,Sampled inaccurate inputs; no exhaustive guarantee,Numerical expression benchmarks,Demonstrates automatic accuracy improvement without requiring a numerical expert to choose the rewrites.,Heuristic sampled accuracy is not an exact worst-case guarantee; real-equivalent rewrites may change explicit monetary-policy meaning.,"Core Sections 4.1-4.3: sampling, rewriting loop, error localization",7,Heuristic sampled accuracy is not an exact worst-case guarantee; real-equivalent rewrites may change explicit monetary-policy meaning.,Searches for more accurate floating-point implementations of a real-valued expression.,research_paper,https://homes.cs.washington.edu/~ztatlock/pubs/herbie-panchekha-pldi15.pdf,2026-10-03,herbie2015
robust2013,Robustness Analysis of Finite Precision Implementations,Eric Goubault; Sylvie Putot,2013,APLAS 2013,https://doi.org/10.1007/978-3-319-03542-0_4,Bounds finite-precision implementation error when real and finite-precision control flow can diverge.,Constrained affine sets and discontinuity-error abstraction,Extends affine-set abstract interpretation with a labeled discontinuity-error component and constraints for unstable branches.,Finite-precision errors with unstable branches,Control-flow joins and expressions,N/A,Future possibility discussed; not a general exact witness guarantee,Industrial-inspired control-program extracts,Makes error analysis sound in the presence of unstable tests and implements it in Fluctuat.,Conservative error bounds rather than attainable extrema; possible input generation is discussed as future work. The primary arXiv text is a longer version of the eight-page published paper.,"Core long-version Sections 2-3 and 5: constrained affine sets, unstable tests, experiments",7,Conservative error bounds rather than attainable extrema; possible input generation is discussed as future work. The primary arXiv text is a longer version of the eight-page published paper.,Bounds finite-precision implementation error when real and finite-precision control flow can diverge.,research_paper,https://arxiv.org/pdf/1309.3910,2026-10-03,robust2013
scallop2023,Scallop: A Language for Neurosymbolic Programming,Ziyang Li; Jiani Huang; Mayur Naik,2023,Proceedings of the ACM on Programming Languages,https://doi.org/10.1145/3591280,Combines declarative relational logic and differentiable reasoning for neurosymbolic applications.,Datalog and differentiable provenance semirings,"Datalog with recursion, aggregation, negation and provenance semirings propagating probabilistic or differentiable tags.",No explicit monetary rounding-policy analysis,Relational aggregation and recursion,Primitive numeric types; not money,No policy-discrepancy generation,Eight neurosymbolic AI tasks,Provides a language and execution framework evaluated on eight neurosymbolic tasks.,Not a computational-law DSL and does not provide monetary rounding-policy analysis.,Core Sections 3 and 4.1: language constructs and provenance framework,2,Not a computational-law DSL and does not provide monetary rounding-policy analysis.,Combines declarative relational logic and differentiable reasoning for neurosymbolic applications.,research_paper,https://www.cis.upenn.edu/~mhnaik/papers/pldi23.pdf,2026-10-03,scallop2023
flocq2011,Flocq: A Unified Library for Proving Floating-Point Algorithms in Coq,Sylvie Boldo; Guillaume Melquiond,2011,20th IEEE Symposium on Computer Arithmetic (ARITH 2011),https://doi.org/10.1109/ARITH.2011.40,"Unifies Coq formalizations of multiple radix, precision and floating/fixed-point formats.",Coq generic arithmetic/rounding predicates,"Defines total monotone rounding predicates and proves generic arithmetic properties, separating tie-breaking assumptions.",Directed and nearest modes with explicit tie rules,Arithmetic algorithms,Fixed/float formats; not currency DSL,"Machine-checked proofs, not an automatic all-input optimizer",Formal theorem/algorithm examples,A reusable mechanized library for proving properties of floating-point algorithms.,A proof library rather than an automatic monetary discrepancy optimizer; no machine-checked RoundGuard proof follows from citing it.,"Core Section III: directed and nearest rounding predicates, generic formats",7,A proof library rather than an automatic monetary discrepancy optimizer; no machine-checked RoundGuard proof follows from citing it.,"Unifies Coq formalizations of multiple radix, precision and floating/fixed-point formats.",research_paper,https://guillaume.melquiond.fr/doc/11-arith20-article.pdf,2026-10-03,flocq2011
z32008,Z3: An Efficient SMT Solver,Leonardo de Moura; Nikolaj Bjørner,2008,TACAS 2008,https://doi.org/10.1007/978-3-540-78800-3_24,Introduces an SMT solver for formulas combining arithmetic and other background theories.,First-order SMT with arithmetic and other theories,"DPLL-based Boolean search, congruence closure, satellite theory solvers and quantifier instantiation.",Not a rounding-domain tool; needs encoding,General formulas,Integer/real theories; not money DSL,SMT models enable testing clients,Verification and test-generation clients,Reusable decision infrastructure for verification and test-generation clients.,The 2008 paper is not documentation of current optimization APIs or proof that a particular benchmark encoding is complete.,Core four-page tool paper: clients and solver architecture,8,The 2008 paper is not documentation of current optimization APIs or proof that a particular benchmark encoding is complete.,Introduces an SMT solver for formulas combining arithmetic and other background theories.,research_paper,https://link.springer.com/content/pdf/10.1007%2F978-3-540-78800-3_24.pdf,2026-10-03,z3_2008
gappa2010,Certification of bounds on expressions involving rounded operators,Marc Daumas; Guillaume Melquiond,2010,ACM Transactions on Mathematical Software,https://doi.org/10.1145/1644001.1644003,Certifies numerical range and error bounds involving exact and rounded operators.,Rounded/exact expressions with numerical propositions,"Interval arithmetic, forward error analysis, rewriting and formal proof generation for fixed- and floating-point arithmetic.",Fixed- and floating-point operators,Expression composition and error bounds,No dedicated currency type,Bound certificates; no generic attainable optimum,Numerical software and hardware proof obligations,Produces proof-assistant-checkable numerical bound certificates.,Enclosure certification does not in general establish the attainable monetary policy optimum. Author PDF is a 2009 prepublication draft; bibliographic year is 2010.,"Core Sections 2-3: explicit rounding input language, rewriting and bound certification",7,Enclosure certification does not in general establish the attainable monetary policy optimum. Author PDF is a 2009 prepublication draft; bibliographic year is 2010.,Certifies numerical range and error bounds involving exact and rounded operators.,research_paper,https://guillaume.melquiond.fr/doc/09-toms.pdf,2026-10-03,gappa2010
fpbench2017,Toward a Standard Benchmark Format and Suite for Floating-Point Analysis,Nasrine Damouche; Matthieu Martel; Pavel Panchekha; Chen Qiu; Alexander Sanchez-Stern; Zachary Tatlock,2017,Numerical Software Verification (NSV 2016),https://doi.org/10.1007/978-3-319-54292-8_6,"Introduces a common format, accuracy measures and initial benchmark suite for numerical tools.",FPCore/FPImp numerical benchmark semantics,"FPCore/FPImp semantics, explicit metadata and standardized axes separating sound maximum error from sampled average error.",Floating-point formats and accuracy metadata,Numerical expression/program composition,N/A,"Benchmark/sample infrastructure, not a policy analyzer",Benchmarks sourced from previous tools,Enables fair comparisons and composition of complementary floating-point tools.,Not a monetary-policy corpus. Meeting is NSV 2016; revised proceedings were published in 2017. Publisher authors are Chen Qiu and Alexander Sanchez-Stern.,"Core Sections 2-3 and 5: semantics, error measures, benchmark provenance",7,Not a monetary-policy corpus. Meeting is NSV 2016; revised proceedings were published in 2017. Publisher authors are Chen Qiu and Alexander Sanchez-Stern.,"Introduces a common format, accuracy measures and initial benchmark suite for numerical tools.",research_paper,https://homes.cs.washington.edu/~ztatlock/pubs/fpbench-damouche-nsv16.pdf,2026-10-03,fpbench2017
precisa2024,Rigorous Floating-Point Round-Off Error Analysis in PRECiSA 4.0,Laura Titolo; Mariano Moscato; Marco A. Feliu; Paolo Masci; César A. Muñoz,2024,Formal Methods (FM 2024),https://doi.org/10.1007/978-3-031-71177-0_2,Extends a NASA analyzer that soundly bounds floating-point error against ideal real semantics.,Conditional abstract error semantics and PVS arithmetic,"Static conditional-error semantics, rigorous optimization and PVS certificates; modular call analysis and updated IEEE-754 formalization.",IEEE-754 correctly rounded operators and special values,Modular calls; bounded recursions and collections,N/A,Bounds/certificates and instability reports,NASA avionics/geofencing applications,Broadens supported constructs and improves analysis of larger numerical programs.,"The guarantee is an overapproximation, not a guaranteed attainable exact policy discrepancy; fixed-point support is listed as future work.","Core Sections 2, 3 and 5: error model, modular analysis and PVS certificates",7,"The guarantee is an overapproximation, not a guaranteed attainable exact policy discrepancy; fixed-point support is listed as future work.",Extends a NASA analyzer that soundly bounds floating-point error against ideal real semantics.,research_paper,https://shemesh.larc.nasa.gov/fm/papers/FM2024-draft.pdf,2026-10-03,precisa2024
quickcheck2000,QuickCheck: A Lightweight Tool for Random Testing of Haskell Programs,Koen Claessen; John Hughes,2000,ICFP 2000,https://doi.org/10.1145/351240.351266,Automatically tests executable properties of functional programs using randomly generated inputs.,Executable Haskell properties and generators,Properties as Haskell functions with programmable test-data generators.,User-programmed properties; no monetary rounding theory,Generic test generation,N/A,Random failing inputs,Original tool documentation; paper case studies not audited,Establishes lightweight property-based random testing as a reusable validation method.,"Random tests do not establish exhaustive correctness or equivalence. Original ICFP DOI is used, not the 2011 reprint DOI.",Original publisher DOI metadata and original authors' tool documentation; original full paper not read,5,"Random tests do not establish exhaustive correctness or equivalence. Original ICFP DOI is used, not the 2011 reprint DOI.",Automatically tests executable properties of functional programs using randomly generated inputs.,research_paper,,2026-10-03,quickcheck2000
stipula2023,Pacta sunt servanda: Legal contracts in Stipula,Silvia Crafa; Cosimo Laneve; Giovanni Sartor; Adele Veschetti,2023,Science of Computer Programming,https://doi.org/10.1016/j.scico.2022.102911,"Presents a contract DSL based on legal agreement, permissions, obligations and asset operations.",Legal contract transition semantics and observational equivalence,"Operational semantics, observational equivalence and type inference, with a centralized prototype.",Not studied as an exact policy-extrema problem,Contract/asset operations,"Typed assets, including digital monetary assets","Contract-property analysis, not residue extrema",Bike-rental and bet-contract examples,Shows how legal contract behavior can be modeled and checked with concurrency-theory concepts.,No exact monetary rounding-policy extrema claimed. The 2023 journal paper has four authors; the 2021 arXiv version has three and is not interchangeable.,Primary institutional abstract and accepted-paper introduction; full semantic proofs not audited,6,No exact monetary rounding-policy extrema claimed. The 2023 journal paper has four authors; the 2021 arXiv version has three and is not interchangeable.,"Presents a contract DSL based on legal agreement, permissions, obligations and asset operations.",research_paper,https://cris.unibo.it/retrieve/handle/11585/912506/14d40556-63dc-468f-84eb-e7d7b5d17d9d/Stipula.pdf,2026-10-03,stipula2023
