key,title,authors,year,venue,volume_issue,pages,doi,primary_url,primary_fulltext,read_depth,abstract_summary,method_summary,contribution_summary,overlap_with_roundguard,difference_or_limit,verified_on
williams2011,"The problem with integer programming","H. P. Williams",2011,"IMA Journal of Management Mathematics","22(3)","213-230","10.1093/imaman/dpq014","https://academic.oup.com/imaman/issue/22/3?browseBy=volume","https://personal.lse.ac.uk/williahp/pubs/WP%2010-118.pdf","Core sections; working-paper PDF pages 21-23","Surveys structural obstacles to integer programming and alternative mathematical representations.","Uses integer monoids and nested-rounding Chvátal functions including directed-tree representations.","Explicitly states shift periodicity and illustrates affine average gradient of a nested rounding tree.","Direct prior art for affine drift plus periodic rounding residuals.","Does not give the proposed mixed-mode bounded-grid invoice analyzer. Working paper is 2010; journal issue is 2011; DOI imaman not inaman.",2026-10-03
rhodes_williams1995,"Discrete subadditive functions as Gomory functions","Frank Rhodes; H. Paul Williams",1995,"Mathematical Proceedings of the Cambridge Philosophical Society","117(3)","559-574","10.1017/S0305004100073370","https://www.cambridge.org/core/journals/mathematical-proceedings-of-the-cambridge-philosophical-society/article/abs/discrete-subadditive-functions-as-gomory-functions/6B534FE2D3CEB5817D0C67DD9078E114","","Publisher extract and metadata; not full proof","Studies when discrete subadditive functions belong to a class arising in pure integer programming.","Uses pure integer programming proof methods motivated by discrete metrics.","Characterizes a class of Gomory functions and connects it to discrete subadditivity.","Older foundation referenced by Williams for Chvátal simplification and discrete functions.","Full proof not inspected; no specific periodicity theorem attributed to this paper. Print issue year 1995 despite later online digitization.",2026-10-03
basu_et_al2019,"Mixed-Integer Linear Representability, Disjunctions, and Chvátal Functions—Modeling Implications","Amitabh Basu; Kipp Martin; Christopher Thomas Ryan; Guanyi Wang",2019,"Mathematics of Operations Research","44(4)","1264-1285","10.1287/moor.2018.0967","https://pubsonline.informs.org/doi/10.1287/moor.2018.0967","https://arxiv.org/html/1711.07028v1","Core Definition 2.2 and Section 3 elimination proofs","Characterizes mixed-integer representable sets through affine Chvátal inequalities.","Binary trees of rational affine leaves, positive scaling, addition, ceiling; sequential elimination with auxiliary integer variables.","Gives exact algebraic representation and projection closure without requiring disjunctions.","Strong syntactic overlap with affine rounding trees and exact Presburger encodings.","Positive scaling and ceiling fragment; does not state the specific invoice finite-state optimization.",2026-10-03
verdoolaege2010,"isl: An Integer Set Library for the Polyhedral Model","Sven Verdoolaege",2010,"Mathematical Software – ICMS 2010","LNCS 6327","299-302","10.1007/978-3-642-15582-6_49","https://link.springer.com/chapter/10.1007/978-3-642-15582-6_49","https://libisl.sourceforge.io/manual.pdf","Publisher abstract; official manual Section 1.4.13 and set operations","Presents a library for exact manipulation of integer sets and relations bounded by affine constraints.","Arbitrary-precision integer arithmetic, integer-set operations, and quasi-affine expressions with constant integer division.","Reusable infrastructure for exact polyhedral and Presburger-style analysis.","Exact integer encoding of fixed-quantum rational affine rounding is within this framework.","General library; not a monetary-policy tool or a claim of minimal residue periods.",2026-10-03
woods2015,"Presburger arithmetic, rational generating functions, and quasi-polynomials","Kevin Woods",2015,"The Journal of Symbolic Logic","80(2)","433-449","10.1017/jsl.2015.4","https://www.cambridge.org/core/journals/journal-of-symbolic-logic/article/abs/presburger-arithmetic-rational-generating-functions-and-quasipolynomials/4987F6163ED5D8ADF9B46F48D7E81815","https://www2.oberlin.edu/faculty/kwoods/research/Presburger_full.pdf","Abstract and foundational definitions","Connects Presburger-definable sets and counting functions to rational generating functions and piecewise quasi-polynomials.","Logical and geometric characterizations of integer sets using linear inequalities and quantifiers.","Provides equivalent representations and discusses their complexity.","Establishes mature exact integer framework adjacent to rounding residue structure.","Counting theorem is not itself the proposed equality or discrepancy algorithm.",2026-10-03
merigoux_et_al2021,"Catala: a programming language for the law","Denis Merigoux; Nicolas Chataing; Jonathan Protzenko",2021,"Proceedings of the ACM on Programming Languages","5(ICFP), article 77","1-29","10.1145/3473582","https://doi.org/10.1145/3473582","https://arxiv.org/abs/2103.03198","Publisher abstract and contribution overview","Introduces an executable language for computational statutes with general-rule and exception structure.","Default logic and a compiler whose core transformations are proved in F*.","Evaluates US tax and French benefit encodings and reports an official implementation bug.","Prior application of formal methods to taxes and benefits.","No specialized exact rounding-period or invoice discrepancy DP.",2026-10-03
monat_et_al2024,"Formalizing Date Arithmetic and Statically Detecting Ambiguities for the Law","Raphaël Monat; Aymeric Fromherz; Denis Merigoux",2024,"Programming Languages and Systems, ESOP 2024","LNCS 14577","421-450","10.1007/978-3-031-57267-8_16","https://link.springer.com/chapter/10.1007/978-3-031-57267-8_16","https://arxiv.org/html/2403.08935v1","Core semantics, paired analysis, sync definition, case study","Formalizes ambiguous date arithmetic used in legal eligibility computations.","F* semantic properties and relational abstract interpretation of paired rounding modes.","Proves rounding-insensitivity in some cases and finds date ambiguities in housing benefits.","Direct prior art for rounding-policy sensitivity verification in computational law.","Calendar arithmetic rather than rational monetary grids; abstract analysis need not yield exact global monetary extrema.",2026-10-03
goutagny_et_al2025,"CUTECat: Concolic Execution for Computational Law","Pierre Goutagny; Aymeric Fromherz; Raphaël Monat",2025,"Programming Languages and Systems, ESOP 2025","LNCS 15695","31-61","10.1007/978-3-031-91121-7_2","https://link.springer.com/chapter/10.1007/978-3-031-91121-7_2","https://rmonat.fr/data/pubs/2025/2025-05-03_esop_cutecat.pdf","Core Sections 2-4; rounding and backend discrepancy passages","Generates tests for computational law while handling default logic.","Concrete plus SMT symbolic execution; exact rational values; sign-branch floor encoding of nearest ties-away rounding.","Scales to Catala laws and reports a Python backend rounding inconsistency that was fixed upstream.","Already performs exact monetary rounding reasoning and generates discrepant backend inputs.","No structural period reduction or exact maximum invoice discrepancy; broader language and branching support.",2026-10-03
darulova_et_al2018,"Daisy - Framework for Analysis and Optimization of Numerical Programs (Tool Paper)","Eva Darulova; Anastasiia Izycheva; Fariha Nasir; Fabian Ritter; Heiko Becker; Robert Bastian",2018,"Tools and Algorithms for the Construction and Analysis of Systems, TACAS 2018","LNCS 10805","270-287","10.1007/978-3-319-89960-2_15","https://link.springer.com/chapter/10.1007/978-3-319-89960-2_15","https://link.springer.com/chapter/10.1007/978-3-319-89960-2_15","Core Section 3 fixed-point and optimization-based analysis","Combines numerical accuracy analyses and optimizations in a single framework.","Dataflow/affine/interval analysis, subdivision, and optimization approaches for floating and fixed point.","Modular implementation covering error estimation and accuracy optimization.","Established sound roundoff and fixed-point analysis; comparisons should acknowledge it.","Typically returns conservative error bounds against real semantics, not attainable monetary policy discrepancies.",2026-10-03
solovyev_et_al2015,"Rigorous Estimation of Floating-Point Round-off Errors with Symbolic Taylor Expansions","Alexey Solovyev; Charles Jacobsen; Zvonimir Rakamarić; Ganesh Gopalakrishnan",2015,"FM 2015: Formal Methods","LNCS 9109","532-550","10.1007/978-3-319-19249-9_33","https://soarlab.org/publications/2015_fm_sjrg/","https://soarlab.org/papers/2015_fm_sjrg.pdf","Core Section 3 objective and abstract error model; proof certificate passages","Computes rigorous maximum floating-point roundoff bounds including transcendental functions.","Symbolic Taylor expansion of error variables plus rigorous global optimization and HOL Light certificates.","Tighter sound bounds on many benchmarks and released reproducible tool.","Worst-case numerical error analysis and certificates already exist.","Optimizes an abstraction, allowing overapproximation; not exact comparison of explicit fixed-quantum policies.",2026-10-03
goubault_putot2011,"Static Analysis of Finite Precision Computations","Eric Goubault; Sylvie Putot",2011,"Verification, Model Checking, and Abstract Interpretation, VMCAI 2011","LNCS 6538","232-247","10.1007/978-3-642-18275-4_17","https://link.springer.com/chapter/10.1007/978-3-642-18275-4_17","https://www.lix.polytechnique.fr/Labo/Sylvie.Putot/Publications/vmcai11.pdf","Publisher abstract and author-hosted primary text","Bounds program values and differences between real and finite-precision computations.","Interval and affine-set/zonotopic abstract domains tracking error propagation and provenance.","Implemented Fluctuat analyses for accuracy, sensitivity, and test generation.","Established finite-precision discrepancy analysis and provenance.","Sound abstraction rather than guaranteed attainable optimum for monetary rounding-policy differences.",2026-10-03
darulova_et_al2013,"Synthesis of fixed-point programs","Eva Darulova; Viktor Kuncak; Rupak Majumdar; Indranil Saha",2013,"International Conference on Embedded Software, EMSOFT 2013","article 22","22:1-22:10","10.1109/EMSOFT.2013.6658600","https://doi.org/10.1109/EMSOFT.2013.6658600","https://lara.epfl.ch/~kuncak/papers/DarulovaETAL13SynthesisFixedPointPrograms.pdf","Primary abstract, problem formulation, hardness, related work","Finds fixed-point implementations of real polynomials with improved worst-case accuracy.","Expression rewriting and genetic programming with affine-arithmetic error analysis.","Shows NP-hardness for a synthesis decision problem and demonstrates improved controller expressions.","Evaluation order and fixed-point worst-case errors are studied prior problems.","Synthesis of equivalent real expressions differs from exact verification between fixed prescribed monetary programs.",2026-10-03
sadakane_et_al2001,"Combinatorics and Algorithms on Low-Discrepancy Roundings of a Real Sequence","Kunihiko Sadakane; Nadia Takki-Chebihi; Takeshi Tokuyama",2001,"Automata, Languages and Programming, ICALP 2001","LNCS 2076","166-177","10.1007/3-540-48224-5_14","https://link.springer.com/chapter/10.1007/3-540-48224-5_14","","Publisher abstract; accessible proceedings excerpt of Sections 3-4","Represents sequences of integral roundings that satisfy subinterval discrepancy requirements.","Compact state graphs and Viterbi-style dynamic optimization over feasible roundings.","Enumerates global roundings and builds optimal compact representations for weaker discrepancy conditions.","Finite-state dynamic programming for rounding discrepancy predates this project.","Chooses rounding outputs for a fixed input sequence; does not optimize input grids under prescribed monetary policies.",2026-10-03
chen_et_al2022,"Interactive Proofs for Rounding Arithmetic","Shuo Chen; Jung Hee Cheon; Dongwoo Kim; Daejun Park",2022,"IEEE Access","10","122706-122725","10.1109/ACCESS.2022.3223136","https://doi.org/10.1109/ACCESS.2022.3223136","https://doi.org/10.1109/ACCESS.2022.3223136","Primary full-text problem formulation and theorem overview","Verifies outsourced approximate computations expressed as circuits with rounding gates.","Generalizes GKR over a ring and reduces rounding to low-degree polynomial circuits.","Efficient interactive proof machinery supporting approximate arithmetic.","Formal verification and proof objects for rounding arithmetic are established.","Certifies evaluation of a circuit, not equivalence or attainable worst-case discrepancy over all monetary inputs.",2026-10-03
monat_huttner2026,"Coding computational laws: 20 recommendations for public administrations","Raphaël Monat; Liane Huttner",2026,"Information & Communications Technology Law","online publication 2026-02-16","1-17","10.1080/13600834.2026.2628389","https://doi.org/10.1080/13600834.2026.2628389","https://rmonat.fr/data/pubs/2026/2026-02-16_legal_code_recos.pdf","Primary full text; Recommendations 9-10","Recommends practices for developing and maintaining long-lived legal computations.","Synthesis of computational-law implementation experience and interdisciplinary recommendations.","Addresses representation, legal interpretation, deterministic behavior, testing, maintenance, and longevity.","Explicitly discusses arbitrary-precision monetary numbers and rounding risks.","Recommendations article; no finite-residue exact optimization theorem. Publisher notes a subsequent correction.",2026-10-03
bringmann_cassis2023,"Faster 0-1-Knapsack via Near-Convex Min-Plus-Convolution","Karl Bringmann; Alejandro Cassis",2023,"31st Annual European Symposium on Algorithms, ESA 2023","LIPIcs 274","24:1-24:16","10.4230/LIPIcs.ESA.2023.24","https://drops.dagstuhl.de/entities/document/10.4230/LIPIcs.ESA.2023.24","https://arxiv.org/abs/2305.01593","Publisher abstract and contribution summary","Improves pseudopolynomial knapsack algorithms through structured min-plus convolution.","Near-convex min-plus convolution and improved dependence on maximum item weight/profit.","Faster exact knapsack algorithms in relevant parameter regimes.","Convolution as a dynamic-programming primitive is established.","Near-convexity is a separate premise; cyclic rounding residue tables need not satisfy it.",2026-10-03
jin_et_al2026,"Deterministic Monotone Min-Plus Product and Convolution","Ce Jin; Jaewoo Park; Barna Saha; Yinzhan Xu",2026,"53rd International Colloquium on Automata, Languages, and Programming, ICALP 2026","LIPIcs 374","119:1-119:23","10.4230/LIPIcs.ICALP.2026.119","https://drops.dagstuhl.de/entities/document/10.4230/LIPIcs.ICALP.2026.119","https://drops.dagstuhl.de/storage/00lipics/lipics-vol374-icalp2026/html/LIPIcs.ICALP.2026.119/LIPIcs.ICALP.2026.119.html","Primary abstract and knapsack application discussion","Derandomizes structured min-plus product and convolution algorithms.","Deterministic algorithms exploiting bounded monotone inputs with downstream knapsack applications.","Nearly matches prior randomized structured convolution bounds.","Current 2026 prior art confirms min/max-plus convolution is a mature primitive.","Requires monotonicity/structure absent from arbitrary residue-error tables; not a direct monetary verifier.",2026-10-03
skala2017,"The Well-Rounded Total","Matthew Skala",2017,"Author-hosted preliminary draft, not peer reviewed","draft dated 2017-03-25","1-17","","https://ansuz.sooke.bc.ca/entry/334","https://ansuz.sooke.bc.ca/professional/rounding.pdf","Primary abstract, problem statement, algorithm claims, disclosure of draft status","Studies rounded financial reports whose totals must remain consistent.","Algorithms for forest-structured totals and minimax rounding; general consistency hardness.","Linear-time feasible rounding and O(n log n) minimax algorithm for forests.","Direct adjacent financial-total rounding optimization prior art.","Chooses rounding values for a fixed financial report; not worst input discrepancy between prescribed policies; explicitly non-peer-reviewed.",2026-10-03
tao_et_al2026,"Probabilistic Floating-Point Round-Off Analysis via Concentration Inequalities","Yichen Tao; Hongfei Fu; Jiawei Chen; Jean-Baptiste Jeannin",2026,"arXiv preprint; described as long version of OOPSLA 2026 paper","arXiv:2605.04232v1","","10.48550/arXiv.2605.04232","https://arxiv.org/abs/2605.04232","https://arxiv.org/abs/2605.04232","Primary abstract and submission metadata","Derives probabilistic roundoff thresholds for floating-point programs.","Concentration inequalities over Taylor error expansions with polynomial overapproximation and range partitioning.","Scalable probabilistic numerical error analysis under stated independence models.","Current 2026 numerical-analysis neighbor checked for the search cutoff.","Probabilistic bounds rather than exact deterministic monetary policy extrema; final journal metadata not asserted.",2026-10-03
