case,group,pattern,method,truth,reported,fp,fn,unknown,complete,time_seconds,domain_size,nvars,nodes,oracle_seconds
mode_00,synthetic,mode,auto,SENSITIVE,SENSITIVE,0,0,0,True,0.008372900003450923,25,1,6,0.0009395000015501864
mode_00,synthetic,mode,pure_smt,SENSITIVE,SENSITIVE,0,0,0,True,0.0032352999987779185,25,1,6,0.0009395000015501864
mode_00,synthetic,mode,random32,SENSITIVE,SENSITIVE,0,0,0,False,0.00015839999832678586,25,1,6,0.0009395000015501864
mode_00,synthetic,mode,hypothesis64,SENSITIVE,SENSITIVE,0,0,0,False,0.08566679999785265,25,1,6,0.0009395000015501864
mode_00,synthetic,mode,naive_interval,SENSITIVE,WARNING,0,0,0,False,8.450000314041972e-05,25,1,6,0.0009395000015501864
mode_01,synthetic,mode,auto,SENSITIVE,SENSITIVE,0,0,0,True,0.005109899997478351,25,1,6,0.0008495000001857989
mode_01,synthetic,mode,pure_smt,SENSITIVE,SENSITIVE,0,0,0,True,0.004570999997667968,25,1,6,0.0008495000001857989
mode_01,synthetic,mode,random32,SENSITIVE,SENSITIVE,0,0,0,False,0.00024029999622143805,25,1,6,0.0008495000001857989
mode_01,synthetic,mode,hypothesis64,SENSITIVE,SENSITIVE,0,0,0,False,0.019332500000018626,25,1,6,0.0008495000001857989
mode_01,synthetic,mode,naive_interval,SENSITIVE,WARNING,0,0,0,False,9.010000212583691e-05,25,1,6,0.0008495000001857989
mode_02,synthetic,mode,auto,SENSITIVE,SENSITIVE,0,0,0,True,0.0033125999980256893,25,1,6,0.0007939999995869584
mode_02,synthetic,mode,pure_smt,SENSITIVE,SENSITIVE,0,0,0,True,0.002873500001442153,25,1,6,0.0007939999995869584
mode_02,synthetic,mode,random32,SENSITIVE,SENSITIVE,0,0,0,False,0.00015349999739555642,25,1,6,0.0007939999995869584
mode_02,synthetic,mode,hypothesis64,SENSITIVE,SENSITIVE,0,0,0,False,0.01811400000588037,25,1,6,0.0007939999995869584
mode_02,synthetic,mode,naive_interval,SENSITIVE,WARNING,0,0,0,False,8.410000009462237e-05,25,1,6,0.0007939999995869584
mode_03,synthetic,mode,auto,SENSITIVE,SENSITIVE,0,0,0,True,0.003925999997591134,25,1,6,0.0012059000000590459
mode_03,synthetic,mode,pure_smt,SENSITIVE,SENSITIVE,0,0,0,True,0.00339729999541305,25,1,6,0.0012059000000590459
mode_03,synthetic,mode,random32,SENSITIVE,SENSITIVE,0,0,0,False,0.0009183000001939945,25,1,6,0.0012059000000590459
mode_03,synthetic,mode,hypothesis64,SENSITIVE,SENSITIVE,0,0,0,False,0.023022400004265364,25,1,6,0.0012059000000590459
mode_03,synthetic,mode,naive_interval,SENSITIVE,WARNING,0,0,0,False,0.00010440000187372789,25,1,6,0.0012059000000590459
mode_04,synthetic,mode,auto,SENSITIVE,SENSITIVE,0,0,0,True,0.004363300002296455,25,1,6,0.0010546999983489513
mode_04,synthetic,mode,pure_smt,SENSITIVE,SENSITIVE,0,0,0,True,0.003808299996308051,25,1,6,0.0010546999983489513
mode_04,synthetic,mode,random32,SENSITIVE,SENSITIVE,0,0,0,False,0.000192299994523637,25,1,6,0.0010546999983489513
mode_04,synthetic,mode,hypothesis64,SENSITIVE,SENSITIVE,0,0,0,False,0.03335019999940414,25,1,6,0.0010546999983489513
mode_04,synthetic,mode,naive_interval,SENSITIVE,WARNING,0,0,0,False,0.00010420000035082921,25,1,6,0.0010546999983489513
mode_05,synthetic,mode,auto,SENSITIVE,SENSITIVE,0,0,0,True,0.0053014999939478,25,1,6,0.001360399997793138
mode_05,synthetic,mode,pure_smt,SENSITIVE,SENSITIVE,0,0,0,True,0.005128899996634573,25,1,6,0.001360399997793138
mode_05,synthetic,mode,random32,SENSITIVE,SENSITIVE,0,0,0,False,0.0003361999988555908,25,1,6,0.001360399997793138
mode_05,synthetic,mode,hypothesis64,SENSITIVE,SENSITIVE,0,0,0,False,0.026757500003441237,25,1,6,0.001360399997793138
mode_05,synthetic,mode,naive_interval,SENSITIVE,WARNING,0,0,0,False,0.00012879999849246815,25,1,6,0.001360399997793138
mode_06,synthetic,mode,auto,SENSITIVE,SENSITIVE,0,0,0,True,0.0048569999999017455,25,1,6,0.0014136000027065165
mode_06,synthetic,mode,pure_smt,SENSITIVE,SENSITIVE,0,0,0,True,0.004321000000345521,25,1,6,0.0014136000027065165
mode_06,synthetic,mode,random32,SENSITIVE,SENSITIVE,0,0,0,False,0.0006438000054913573,25,1,6,0.0014136000027065165
mode_06,synthetic,mode,hypothesis64,SENSITIVE,SENSITIVE,0,0,0,False,0.039978399996471126,25,1,6,0.0014136000027065165
mode_06,synthetic,mode,naive_interval,SENSITIVE,WARNING,0,0,0,False,0.00012789999891538173,25,1,6,0.0014136000027065165
mode_07,synthetic,mode,auto,SENSITIVE,SENSITIVE,0,0,0,True,0.007574999995995313,25,1,6,0.0013681000054930337
mode_07,synthetic,mode,pure_smt,SENSITIVE,SENSITIVE,0,0,0,True,0.00771579999855021,25,1,6,0.0013681000054930337
mode_07,synthetic,mode,random32,SENSITIVE,SENSITIVE,0,0,0,False,0.00020709999807877466,25,1,6,0.0013681000054930337
mode_07,synthetic,mode,hypothesis64,SENSITIVE,SENSITIVE,0,0,0,False,0.02177230000233976,25,1,6,0.0013681000054930337
mode_07,synthetic,mode,naive_interval,SENSITIVE,WARNING,0,0,0,False,0.00011749999976018444,25,1,6,0.0013681000054930337
mode_08,synthetic,mode,auto,SENSITIVE,SENSITIVE,0,0,0,True,0.005501300001924392,25,1,6,0.0011767999967560172
mode_08,synthetic,mode,pure_smt,SENSITIVE,SENSITIVE,0,0,0,True,0.006165600003441796,25,1,6,0.0011767999967560172
mode_08,synthetic,mode,random32,SENSITIVE,SENSITIVE,0,0,0,False,0.000764199998229742,25,1,6,0.0011767999967560172
mode_08,synthetic,mode,hypothesis64,SENSITIVE,SENSITIVE,0,0,0,False,0.02982009999686852,25,1,6,0.0011767999967560172
mode_08,synthetic,mode,naive_interval,SENSITIVE,WARNING,0,0,0,False,9.7999996796716e-05,25,1,6,0.0011767999967560172
mode_09,synthetic,mode,auto,SENSITIVE,SENSITIVE,0,0,0,True,0.006077799997001421,25,1,6,0.001097499996831175
mode_09,synthetic,mode,pure_smt,SENSITIVE,SENSITIVE,0,0,0,True,0.0049966999940807,25,1,6,0.001097499996831175
mode_09,synthetic,mode,random32,SENSITIVE,SENSITIVE,0,0,0,False,0.0001810000030673109,25,1,6,0.001097499996831175
mode_09,synthetic,mode,hypothesis64,SENSITIVE,SENSITIVE,0,0,0,False,0.024261200000182725,25,1,6,0.001097499996831175
mode_09,synthetic,mode,naive_interval,SENSITIVE,WARNING,0,0,0,False,9.679999493528157e-05,25,1,6,0.001097499996831175
safe_00,synthetic,insensitive,auto,SAFE,SAFE,0,0,0,True,0.00046749999455641955,100,2,13,0.005935599998338148
safe_00,synthetic,insensitive,pure_smt,SAFE,SAFE,0,0,0,True,0.004917899997963104,100,2,13,0.005935599998338148
safe_00,synthetic,insensitive,random32,SAFE,NO_WITNESS,0,0,0,False,0.005638400005409494,100,2,13,0.005935599998338148
safe_00,synthetic,insensitive,hypothesis64,SAFE,NO_WITNESS,0,0,0,False,0.18620129999908386,100,2,13,0.005935599998338148
safe_00,synthetic,insensitive,naive_interval,SAFE,WARNING,1,0,0,False,0.00011839999933727086,100,2,13,0.005935599998338148
safe_01,synthetic,insensitive,auto,SAFE,SAFE,0,0,0,True,0.0003262999962316826,100,2,13,0.005106700002215803
safe_01,synthetic,insensitive,pure_smt,SAFE,SAFE,0,0,0,True,0.003961199996410869,100,2,13,0.005106700002215803
safe_01,synthetic,insensitive,random32,SAFE,NO_WITNESS,0,0,0,False,0.004682999999204185,100,2,13,0.005106700002215803
safe_01,synthetic,insensitive,hypothesis64,SAFE,NO_WITNESS,0,0,0,False,0.04502840000350261,100,2,13,0.005106700002215803
safe_01,synthetic,insensitive,naive_interval,SAFE,WARNING,1,0,0,False,0.00013190000026952475,100,2,13,0.005106700002215803
safe_02,synthetic,insensitive,auto,SAFE,SAFE,0,0,0,True,0.0004042000000481494,100,2,13,0.005642900003294926
safe_02,synthetic,insensitive,pure_smt,SAFE,SAFE,0,0,0,True,0.004149500004132278,100,2,13,0.005642900003294926
safe_02,synthetic,insensitive,random32,SAFE,NO_WITNESS,0,0,0,False,0.005481300002429634,100,2,13,0.005642900003294926
safe_02,synthetic,insensitive,hypothesis64,SAFE,NO_WITNESS,0,0,0,False,0.04873249999945983,100,2,13,0.005642900003294926
safe_02,synthetic,insensitive,naive_interval,SAFE,WARNING,1,0,0,False,0.00015269999857991934,100,2,13,0.005642900003294926
safe_03,synthetic,insensitive,auto,SAFE,SAFE,0,0,0,True,0.00038299999869195744,100,2,13,0.007107200006430503
safe_03,synthetic,insensitive,pure_smt,SAFE,SAFE,0,0,0,True,0.004408699998748489,100,2,13,0.007107200006430503
safe_03,synthetic,insensitive,random32,SAFE,NO_WITNESS,0,0,0,False,0.005217799996898975,100,2,13,0.007107200006430503
safe_03,synthetic,insensitive,hypothesis64,SAFE,NO_WITNESS,0,0,0,False,0.0521082999985083,100,2,13,0.007107200006430503
safe_03,synthetic,insensitive,naive_interval,SAFE,WARNING,1,0,0,False,0.0001421999986632727,100,2,13,0.007107200006430503
safe_04,synthetic,insensitive,auto,SAFE,SAFE,0,0,0,True,0.0003556000010576099,100,2,13,0.006013000005623326
safe_04,synthetic,insensitive,pure_smt,SAFE,SAFE,0,0,0,True,0.004377000004751608,100,2,13,0.006013000005623326
safe_04,synthetic,insensitive,random32,SAFE,NO_WITNESS,0,0,0,False,0.005770400006440468,100,2,13,0.006013000005623326
safe_04,synthetic,insensitive,hypothesis64,SAFE,NO_WITNESS,0,0,0,False,0.050755800002662,100,2,13,0.006013000005623326
safe_04,synthetic,insensitive,naive_interval,SAFE,WARNING,1,0,0,False,0.00015330000314861536,100,2,13,0.006013000005623326
safe_05,synthetic,insensitive,auto,SAFE,SAFE,0,0,0,True,0.0004591000033542514,100,2,13,0.006862300004286226
safe_05,synthetic,insensitive,pure_smt,SAFE,SAFE,0,0,0,True,0.004722799996670801,100,2,13,0.006862300004286226
safe_05,synthetic,insensitive,random32,SAFE,NO_WITNESS,0,0,0,False,0.0065957999977399595,100,2,13,0.006862300004286226
safe_05,synthetic,insensitive,hypothesis64,SAFE,NO_WITNESS,0,0,0,False,0.05190540000330657,100,2,13,0.006862300004286226
safe_05,synthetic,insensitive,naive_interval,SAFE,WARNING,1,0,0,False,0.0001480999999330379,100,2,13,0.006862300004286226
safe_06,synthetic,insensitive,auto,SAFE,SAFE,0,0,0,True,0.0004241999995429069,100,2,13,0.006502600001113024
safe_06,synthetic,insensitive,pure_smt,SAFE,SAFE,0,0,0,True,0.004608100003679283,100,2,13,0.006502600001113024
safe_06,synthetic,insensitive,random32,SAFE,NO_WITNESS,0,0,0,False,0.0055485999982920475,100,2,13,0.006502600001113024
safe_06,synthetic,insensitive,hypothesis64,SAFE,NO_WITNESS,0,0,0,False,0.04787880000367295,100,2,13,0.006502600001113024
safe_06,synthetic,insensitive,naive_interval,SAFE,WARNING,1,0,0,False,0.00013409999519353732,100,2,13,0.006502600001113024
safe_07,synthetic,insensitive,auto,SAFE,SAFE,0,0,0,True,0.0003528000015649013,100,2,13,0.005703300004824996
safe_07,synthetic,insensitive,pure_smt,SAFE,SAFE,0,0,0,True,0.00423919999593636,100,2,13,0.005703300004824996
safe_07,synthetic,insensitive,random32,SAFE,NO_WITNESS,0,0,0,False,0.005779099999926984,100,2,13,0.005703300004824996
safe_07,synthetic,insensitive,hypothesis64,SAFE,NO_WITNESS,0,0,0,False,0.0466766000026837,100,2,13,0.005703300004824996
safe_07,synthetic,insensitive,naive_interval,SAFE,WARNING,1,0,0,False,0.00018689999706111848,100,2,13,0.005703300004824996
stage_00,synthetic,stage,auto,SENSITIVE,SENSITIVE,0,0,0,True,0.00060710000252584,100,2,13,0.006092499999795109
stage_00,synthetic,stage,pure_smt,SENSITIVE,SENSITIVE,0,0,0,True,0.00978719999693567,100,2,13,0.006092499999795109
stage_00,synthetic,stage,random32,SENSITIVE,SENSITIVE,0,0,0,False,0.00023639999562874436,100,2,13,0.006092499999795109
stage_00,synthetic,stage,hypothesis64,SENSITIVE,SENSITIVE,0,0,0,False,0.061402899998938665,100,2,13,0.006092499999795109
stage_00,synthetic,stage,naive_interval,SENSITIVE,WARNING,0,0,0,False,0.0001266999970539473,100,2,13,0.006092499999795109
stage_01,synthetic,stage,auto,SENSITIVE,SENSITIVE,0,0,0,True,0.0003371999991941266,100,2,13,0.005195600002480205
stage_01,synthetic,stage,pure_smt,SENSITIVE,SENSITIVE,0,0,0,True,0.013559999999415595,100,2,13,0.005195600002480205
stage_01,synthetic,stage,random32,SENSITIVE,SENSITIVE,0,0,0,False,0.0007000000041443855,100,2,13,0.005195600002480205
stage_01,synthetic,stage,hypothesis64,SENSITIVE,SENSITIVE,0,0,0,False,0.04073220000282163,100,2,13,0.005195600002480205
stage_01,synthetic,stage,naive_interval,SENSITIVE,WARNING,0,0,0,False,0.00011620000441325828,100,2,13,0.005195600002480205
stage_02,synthetic,stage,auto,SENSITIVE,SENSITIVE,0,0,0,True,0.0005608999999822117,100,2,13,0.0054701000044588
stage_02,synthetic,stage,pure_smt,SENSITIVE,SENSITIVE,0,0,0,True,0.004019699998025317,100,2,13,0.0054701000044588
stage_02,synthetic,stage,random32,SENSITIVE,SENSITIVE,0,0,0,False,0.0002406999992672354,100,2,13,0.0054701000044588
stage_02,synthetic,stage,hypothesis64,SENSITIVE,SENSITIVE,0,0,0,False,0.05354599999554921,100,2,13,0.0054701000044588
stage_02,synthetic,stage,naive_interval,SENSITIVE,WARNING,0,0,0,False,0.00014209999790182337,100,2,13,0.0054701000044588
stage_03,synthetic,stage,auto,SENSITIVE,SENSITIVE,0,0,0,True,0.0004254000014043413,100,2,13,0.006506899997475557
stage_03,synthetic,stage,pure_smt,SENSITIVE,SENSITIVE,0,0,0,True,0.018038199996226467,100,2,13,0.006506899997475557
stage_03,synthetic,stage,random32,SENSITIVE,SENSITIVE,0,0,0,False,0.0008721999984118156,100,2,13,0.006506899997475557
stage_03,synthetic,stage,hypothesis64,SENSITIVE,SENSITIVE,0,0,0,False,0.04660219999641413,100,2,13,0.006506899997475557
stage_03,synthetic,stage,naive_interval,SENSITIVE,WARNING,0,0,0,False,0.000149200001033023,100,2,13,0.006506899997475557
stage_04,synthetic,stage,auto,SENSITIVE,SENSITIVE,0,0,0,True,0.0005299999975250103,100,2,13,0.00680580000334885
stage_04,synthetic,stage,pure_smt,SENSITIVE,SENSITIVE,0,0,0,True,0.008014999999431893,100,2,13,0.00680580000334885
stage_04,synthetic,stage,random32,SENSITIVE,SENSITIVE,0,0,0,False,0.0004585999995470047,100,2,13,0.00680580000334885
stage_04,synthetic,stage,hypothesis64,SENSITIVE,SENSITIVE,0,0,0,False,0.04284969999571331,100,2,13,0.00680580000334885
stage_04,synthetic,stage,naive_interval,SENSITIVE,WARNING,0,0,0,False,0.00013939999917056412,100,2,13,0.00680580000334885
stage_05,synthetic,stage,auto,SENSITIVE,SENSITIVE,0,0,0,True,0.0003972999984398484,100,2,13,0.006015599996317178
stage_05,synthetic,stage,pure_smt,SENSITIVE,SENSITIVE,0,0,0,True,0.016651700003421865,100,2,13,0.006015599996317178
stage_05,synthetic,stage,random32,SENSITIVE,SENSITIVE,0,0,0,False,0.0007614999994984828,100,2,13,0.006015599996317178
stage_05,synthetic,stage,hypothesis64,SENSITIVE,SENSITIVE,0,0,0,False,0.04430470000079367,100,2,13,0.006015599996317178
stage_05,synthetic,stage,naive_interval,SENSITIVE,WARNING,0,0,0,False,0.00013410000246949494,100,2,13,0.006015599996317178
stage_06,synthetic,stage,auto,SENSITIVE,SENSITIVE,0,0,0,True,0.0005251999973552302,100,2,13,0.0063669000010122545
stage_06,synthetic,stage,pure_smt,SENSITIVE,SENSITIVE,0,0,0,True,0.0071020000032149255,100,2,13,0.0063669000010122545
stage_06,synthetic,stage,random32,SENSITIVE,SENSITIVE,0,0,0,False,0.00023499999952036887,100,2,13,0.0063669000010122545
stage_06,synthetic,stage,hypothesis64,SENSITIVE,SENSITIVE,0,0,0,False,0.043167100004211534,100,2,13,0.0063669000010122545
stage_06,synthetic,stage,naive_interval,SENSITIVE,WARNING,0,0,0,False,0.00012870000500697643,100,2,13,0.0063669000010122545
stage_07,synthetic,stage,auto,SENSITIVE,SENSITIVE,0,0,0,True,0.0006252000021049753,100,2,13,0.005815399999846704
stage_07,synthetic,stage,pure_smt,SENSITIVE,SENSITIVE,0,0,0,True,0.009120700000494253,100,2,13,0.005815399999846704
stage_07,synthetic,stage,random32,SENSITIVE,SENSITIVE,0,0,0,False,0.00023779999901307747,100,2,13,0.005815399999846704
stage_07,synthetic,stage,hypothesis64,SENSITIVE,SENSITIVE,0,0,0,False,0.08898639999824809,100,2,13,0.005815399999846704
stage_07,synthetic,stage,naive_interval,SENSITIVE,WARNING,0,0,0,False,0.00012940000306116417,100,2,13,0.005815399999846704
stage_08,synthetic,stage,auto,SENSITIVE,SENSITIVE,0,0,0,True,0.0004622999986167997,100,2,13,0.005510299997695256
stage_08,synthetic,stage,pure_smt,SENSITIVE,SENSITIVE,0,0,0,True,0.0042212999978801236,100,2,13,0.005510299997695256
stage_08,synthetic,stage,random32,SENSITIVE,SENSITIVE,0,0,0,False,0.000916900004085619,100,2,13,0.005510299997695256
stage_08,synthetic,stage,hypothesis64,SENSITIVE,SENSITIVE,0,0,0,False,0.04824609999923268,100,2,13,0.005510299997695256
stage_08,synthetic,stage,naive_interval,SENSITIVE,WARNING,0,0,0,False,0.00011989999620709568,100,2,13,0.005510299997695256
stage_09,synthetic,stage,auto,SENSITIVE,SENSITIVE,0,0,0,True,0.000484200005303137,100,2,13,0.005669799997122027
stage_09,synthetic,stage,pure_smt,SENSITIVE,SENSITIVE,0,0,0,True,0.007689400001254398,100,2,13,0.005669799997122027
stage_09,synthetic,stage,random32,SENSITIVE,SENSITIVE,0,0,0,False,0.0002410000015515834,100,2,13,0.005669799997122027
stage_09,synthetic,stage,hypothesis64,SENSITIVE,SENSITIVE,0,0,0,False,0.028499899999587797,100,2,13,0.005669799997122027
stage_09,synthetic,stage,naive_interval,SENSITIVE,WARNING,0,0,0,False,0.00011749999976018444,100,2,13,0.005669799997122027
threshold_00,synthetic,threshold,auto,SAFE,SAFE,0,0,0,True,0.0037445999987539835,21,1,13,0.001273499998205807
threshold_00,synthetic,threshold,pure_smt,SAFE,SAFE,0,0,0,True,0.0031348999982583337,21,1,13,0.001273499998205807
threshold_00,synthetic,threshold,random32,SAFE,NO_WITNESS,0,0,0,False,0.004542399998172186,21,1,13,0.001273499998205807
threshold_00,synthetic,threshold,hypothesis64,SAFE,NO_WITNESS,0,0,0,False,0.01307989999622805,21,1,13,0.001273499998205807
threshold_00,synthetic,threshold,naive_interval,SAFE,WARNING,1,0,0,False,7.139999797800556e-05,21,1,13,0.001273499998205807
threshold_01,synthetic,threshold,auto,SENSITIVE,SENSITIVE,0,0,0,True,0.004947499997797422,21,1,15,0.0014603999952669255
threshold_01,synthetic,threshold,pure_smt,SENSITIVE,SENSITIVE,0,0,0,True,0.003905300000042189,21,1,15,0.0014603999952669255
threshold_01,synthetic,threshold,random32,SENSITIVE,SENSITIVE,0,0,0,False,0.0010066999966511503,21,1,15,0.0014603999952669255
threshold_01,synthetic,threshold,hypothesis64,SENSITIVE,SENSITIVE,0,0,0,False,0.03681999999389518,21,1,15,0.0014603999952669255
threshold_01,synthetic,threshold,naive_interval,SENSITIVE,WARNING,0,0,0,False,9.73999995039776e-05,21,1,15,0.0014603999952669255
threshold_02,synthetic,threshold,auto,SENSITIVE,SENSITIVE,0,0,0,True,0.003969699995650444,21,1,15,0.0014774999945075251
threshold_02,synthetic,threshold,pure_smt,SENSITIVE,SENSITIVE,0,0,0,True,0.003785600005357992,21,1,15,0.0014774999945075251
threshold_02,synthetic,threshold,random32,SENSITIVE,SENSITIVE,0,0,0,False,0.0009035999974003062,21,1,15,0.0014774999945075251
threshold_02,synthetic,threshold,hypothesis64,SENSITIVE,SENSITIVE,0,0,0,False,0.03575289999571396,21,1,15,0.0014774999945075251
threshold_02,synthetic,threshold,naive_interval,SENSITIVE,WARNING,0,0,0,False,0.0001123000038205646,21,1,15,0.0014774999945075251
threshold_03,synthetic,threshold,auto,SENSITIVE,SENSITIVE,0,0,0,True,0.003770300005271565,21,1,13,0.001247600004717242
threshold_03,synthetic,threshold,pure_smt,SENSITIVE,SENSITIVE,0,0,0,True,0.003386199998203665,21,1,13,0.001247600004717242
threshold_03,synthetic,threshold,random32,SENSITIVE,NO_WITNESS,0,1,0,False,0.004368399997474626,21,1,13,0.001247600004717242
threshold_03,synthetic,threshold,hypothesis64,SENSITIVE,SENSITIVE,0,0,0,False,0.035287699996843,21,1,13,0.001247600004717242
threshold_03,synthetic,threshold,naive_interval,SENSITIVE,WARNING,0,0,0,False,8.970000635599717e-05,21,1,13,0.001247600004717242
threshold_04,synthetic,threshold,auto,SENSITIVE,SENSITIVE,0,0,0,True,0.005074900000181515,21,1,13,0.0015399999974761158
threshold_04,synthetic,threshold,pure_smt,SENSITIVE,SENSITIVE,0,0,0,True,0.003908899998350535,21,1,13,0.0015399999974761158
threshold_04,synthetic,threshold,random32,SENSITIVE,SENSITIVE,0,0,0,False,0.0016843999983393587,21,1,13,0.0015399999974761158
threshold_04,synthetic,threshold,hypothesis64,SENSITIVE,SENSITIVE,0,0,0,False,0.018580800002382603,21,1,13,0.0015399999974761158
threshold_04,synthetic,threshold,naive_interval,SENSITIVE,WARNING,0,0,0,False,9.270000009564683e-05,21,1,13,0.0015399999974761158
threshold_05,synthetic,threshold,auto,SENSITIVE,SENSITIVE,0,0,0,True,0.004296200000680983,21,1,13,0.0014531999986502342
threshold_05,synthetic,threshold,pure_smt,SENSITIVE,SENSITIVE,0,0,0,True,0.005101399998238776,21,1,13,0.0014531999986502342
threshold_05,synthetic,threshold,random32,SENSITIVE,SENSITIVE,0,0,0,False,0.0011834000033559278,21,1,13,0.0014531999986502342
threshold_05,synthetic,threshold,hypothesis64,SENSITIVE,SENSITIVE,0,0,0,False,0.019408699998166412,21,1,13,0.0014531999986502342
threshold_05,synthetic,threshold,naive_interval,SENSITIVE,WARNING,0,0,0,False,8.910000178730115e-05,21,1,13,0.0014531999986502342
threshold_06,synthetic,threshold,auto,SAFE,SAFE,0,0,0,True,0.004055500001413748,21,1,13,0.0014532999994116835
threshold_06,synthetic,threshold,pure_smt,SAFE,SAFE,0,0,0,True,0.003845599996566307,21,1,13,0.0014532999994116835
threshold_06,synthetic,threshold,random32,SAFE,NO_WITNESS,0,0,0,False,0.005569900000409689,21,1,13,0.0014532999994116835
threshold_06,synthetic,threshold,hypothesis64,SAFE,NO_WITNESS,0,0,0,False,0.016689800002495758,21,1,13,0.0014532999994116835
threshold_06,synthetic,threshold,naive_interval,SAFE,WARNING,1,0,0,False,8.489999891025946e-05,21,1,13,0.0014532999994116835
threshold_07,synthetic,threshold,auto,SAFE,SAFE,0,0,0,True,0.00453449999622535,21,1,15,0.001808499997423496
threshold_07,synthetic,threshold,pure_smt,SAFE,SAFE,0,0,0,True,0.004623100001481362,21,1,15,0.001808499997423496
threshold_07,synthetic,threshold,random32,SAFE,NO_WITNESS,0,0,0,False,0.006195199996000156,21,1,15,0.001808499997423496
threshold_07,synthetic,threshold,hypothesis64,SAFE,NO_WITNESS,0,0,0,False,0.01835199999914039,21,1,15,0.001808499997423496
threshold_07,synthetic,threshold,naive_interval,SAFE,WARNING,1,0,0,False,0.00011309999536024407,21,1,15,0.001808499997423496
threshold_08,synthetic,threshold,auto,SENSITIVE,SENSITIVE,0,0,0,True,0.004338999999163207,21,1,13,0.0014592000006814487
threshold_08,synthetic,threshold,pure_smt,SENSITIVE,SENSITIVE,0,0,0,True,0.003981899993959814,21,1,13,0.0014592000006814487
threshold_08,synthetic,threshold,random32,SENSITIVE,NO_WITNESS,0,1,0,False,0.005091500002890825,21,1,13,0.0014592000006814487
threshold_08,synthetic,threshold,hypothesis64,SENSITIVE,SENSITIVE,0,0,0,False,0.032577000005403534,21,1,13,0.0014592000006814487
threshold_08,synthetic,threshold,naive_interval,SENSITIVE,WARNING,0,0,0,False,8.299999899463728e-05,21,1,13,0.0014592000006814487
threshold_09,synthetic,threshold,auto,SENSITIVE,SENSITIVE,0,0,0,True,0.004749199993966613,21,1,15,0.0016984000030788593
threshold_09,synthetic,threshold,pure_smt,SENSITIVE,SENSITIVE,0,0,0,True,0.004428500003996305,21,1,15,0.0016984000030788593
threshold_09,synthetic,threshold,random32,SENSITIVE,SENSITIVE,0,0,0,False,0.0009896000046865083,21,1,15,0.0016984000030788593
threshold_09,synthetic,threshold,hypothesis64,SENSITIVE,SENSITIVE,0,0,0,False,0.039809399997466244,21,1,15,0.0016984000030788593
threshold_09,synthetic,threshold,naive_interval,SENSITIVE,WARNING,0,0,0,False,8.990000060293823e-05,21,1,15,0.0016984000030788593
tree_00,synthetic,aggregation,auto,SENSITIVE,SENSITIVE,0,0,0,True,0.027779799995187204,1000,3,14,0.047771400000783615
tree_00,synthetic,aggregation,pure_smt,SENSITIVE,SENSITIVE,0,0,0,True,0.02198369999678107,1000,3,14,0.047771400000783615
tree_00,synthetic,aggregation,random32,SENSITIVE,SENSITIVE,0,0,0,False,0.001868899998953566,1000,3,14,0.047771400000783615
tree_00,synthetic,aggregation,hypothesis64,SENSITIVE,SENSITIVE,0,0,0,False,0.0642671999958111,1000,3,14,0.047771400000783615
tree_00,synthetic,aggregation,naive_interval,SENSITIVE,WARNING,0,0,0,False,0.00013159999798517674,1000,3,14,0.047771400000783615
tree_01,synthetic,aggregation,auto,SENSITIVE,SENSITIVE,0,0,0,True,0.048424400003568735,1000,3,14,0.04689450000296347
tree_01,synthetic,aggregation,pure_smt,SENSITIVE,SENSITIVE,0,0,0,True,0.4214244999966468,1000,3,14,0.04689450000296347
tree_01,synthetic,aggregation,random32,SENSITIVE,SENSITIVE,0,0,0,False,0.0005549999987124465,1000,3,14,0.04689450000296347
tree_01,synthetic,aggregation,hypothesis64,SENSITIVE,SENSITIVE,0,0,0,False,0.11064150000311201,1000,3,14,0.04689450000296347
tree_01,synthetic,aggregation,naive_interval,SENSITIVE,WARNING,0,0,0,False,0.00015100000018719584,1000,3,14,0.04689450000296347
tree_02,synthetic,aggregation,auto,SENSITIVE,SENSITIVE,0,0,0,True,0.026170000004640315,1000,3,14,0.0526356999980635
tree_02,synthetic,aggregation,pure_smt,SENSITIVE,SENSITIVE,0,0,0,True,0.027788300001702737,1000,3,14,0.0526356999980635
tree_02,synthetic,aggregation,random32,SENSITIVE,SENSITIVE,0,0,0,False,0.0022836999996798113,1000,3,14,0.0526356999980635
tree_02,synthetic,aggregation,hypothesis64,SENSITIVE,SENSITIVE,0,0,0,False,0.08041930000035791,1000,3,14,0.0526356999980635
tree_02,synthetic,aggregation,naive_interval,SENSITIVE,WARNING,0,0,0,False,0.00016000000323401764,1000,3,14,0.0526356999980635
tree_03,synthetic,aggregation,auto,SENSITIVE,SENSITIVE,0,0,0,True,0.034011999996437225,1000,3,14,0.06714940000529168
tree_03,synthetic,aggregation,pure_smt,SENSITIVE,SENSITIVE,0,0,0,True,0.029970700001285877,1000,3,14,0.06714940000529168
tree_03,synthetic,aggregation,random32,SENSITIVE,SENSITIVE,0,0,0,False,0.002702300000237301,1000,3,14,0.06714940000529168
tree_03,synthetic,aggregation,hypothesis64,SENSITIVE,SENSITIVE,0,0,0,False,0.09046919999673264,1000,3,14,0.06714940000529168
tree_03,synthetic,aggregation,naive_interval,SENSITIVE,WARNING,0,0,0,False,0.00016099999629659578,1000,3,14,0.06714940000529168
tree_04,synthetic,aggregation,auto,SENSITIVE,SENSITIVE,0,0,0,True,0.0367476000028546,1000,3,14,0.05481629999849247
tree_04,synthetic,aggregation,pure_smt,SENSITIVE,SENSITIVE,0,0,0,True,0.22758510000130627,1000,3,14,0.05481629999849247
tree_04,synthetic,aggregation,random32,SENSITIVE,SENSITIVE,0,0,0,False,0.00043339999683666974,1000,3,14,0.05481629999849247
tree_04,synthetic,aggregation,hypothesis64,SENSITIVE,SENSITIVE,0,0,0,False,0.09026069999526953,1000,3,14,0.05481629999849247
tree_04,synthetic,aggregation,naive_interval,SENSITIVE,WARNING,0,0,0,False,0.0001967999996850267,1000,3,14,0.05481629999849247
tree_05,synthetic,aggregation,auto,SENSITIVE,SENSITIVE,0,0,0,True,0.04638050000357907,1000,3,14,0.07644810000056168
tree_05,synthetic,aggregation,pure_smt,SENSITIVE,SENSITIVE,0,0,0,True,0.03734930000064196,1000,3,14,0.07644810000056168
tree_05,synthetic,aggregation,random32,SENSITIVE,SENSITIVE,0,0,0,False,0.0024217999962274916,1000,3,14,0.07644810000056168
tree_05,synthetic,aggregation,hypothesis64,SENSITIVE,SENSITIVE,0,0,0,False,0.0905023999948753,1000,3,14,0.07644810000056168
tree_05,synthetic,aggregation,naive_interval,SENSITIVE,WARNING,0,0,0,False,0.0004034000012325123,1000,3,14,0.07644810000056168
tree_06,synthetic,aggregation,auto,SENSITIVE,SENSITIVE,0,0,0,True,0.02500849999341881,1000,3,14,0.04945410000073025
tree_06,synthetic,aggregation,pure_smt,SENSITIVE,SENSITIVE,0,0,0,True,0.024938700000348035,1000,3,14,0.04945410000073025
tree_06,synthetic,aggregation,random32,SENSITIVE,SENSITIVE,0,0,0,False,0.002142599994840566,1000,3,14,0.04945410000073025
tree_06,synthetic,aggregation,hypothesis64,SENSITIVE,SENSITIVE,0,0,0,False,0.07449609999457607,1000,3,14,0.04945410000073025
tree_06,synthetic,aggregation,naive_interval,SENSITIVE,WARNING,0,0,0,False,0.00015079999866429716,1000,3,14,0.04945410000073025
tree_07,synthetic,aggregation,auto,SENSITIVE,SENSITIVE,0,0,0,True,0.03937620000215247,1000,3,14,0.0536398000040208
tree_07,synthetic,aggregation,pure_smt,SENSITIVE,SENSITIVE,0,0,0,True,0.04312200000276789,1000,3,14,0.0536398000040208
tree_07,synthetic,aggregation,random32,SENSITIVE,SENSITIVE,0,0,0,False,0.0024338000002899207,1000,3,14,0.0536398000040208
tree_07,synthetic,aggregation,hypothesis64,SENSITIVE,SENSITIVE,0,0,0,False,0.09822250000433996,1000,3,14,0.0536398000040208
tree_07,synthetic,aggregation,naive_interval,SENSITIVE,WARNING,0,0,0,False,0.0001640999980736524,1000,3,14,0.0536398000040208
tree_08,synthetic,aggregation,auto,SENSITIVE,SENSITIVE,0,0,0,True,0.06632299999910174,1000,3,14,0.056781400002364535
tree_08,synthetic,aggregation,pure_smt,SENSITIVE,SENSITIVE,0,0,0,True,0.15336490000481717,1000,3,14,0.056781400002364535
tree_08,synthetic,aggregation,random32,SENSITIVE,SENSITIVE,0,0,0,False,0.0004417999953147955,1000,3,14,0.056781400002364535
tree_08,synthetic,aggregation,hypothesis64,SENSITIVE,SENSITIVE,0,0,0,False,0.07627919999504229,1000,3,14,0.056781400002364535
tree_08,synthetic,aggregation,naive_interval,SENSITIVE,WARNING,0,0,0,False,0.0001444000008632429,1000,3,14,0.056781400002364535
tree_09,synthetic,aggregation,auto,SENSITIVE,SENSITIVE,0,0,0,True,0.1133200999975088,1000,3,14,0.05423490000248421
tree_09,synthetic,aggregation,pure_smt,SENSITIVE,SENSITIVE,0,0,0,True,0.27945699999690987,1000,3,14,0.05423490000248421
tree_09,synthetic,aggregation,random32,SENSITIVE,SENSITIVE,0,0,0,False,0.0006064999979571439,1000,3,14,0.05423490000248421
tree_09,synthetic,aggregation,hypothesis64,SENSITIVE,SENSITIVE,0,0,0,False,0.10973679999733577,1000,3,14,0.05423490000248421
tree_09,synthetic,aggregation,naive_interval,SENSITIVE,WARNING,0,0,0,False,0.00018369999452261254,1000,3,14,0.05423490000248421
allocation,canonical,allocation,auto,SAFE,SAFE,0,0,0,True,0.006669599999440834,61,1,8,0.0027678999977069907
allocation,canonical,allocation,pure_smt,SAFE,SAFE,0,0,0,True,0.00910969999677036,61,1,8,0.0027678999977069907
allocation,canonical,allocation,random32,SAFE,NO_WITNESS,0,0,0,False,0.004019400003016926,61,1,8,0.0027678999977069907
allocation,canonical,allocation,hypothesis64,SAFE,NO_WITNESS,0,0,0,False,0.047635700000682846,61,1,8,0.0027678999977069907
allocation,canonical,allocation,naive_interval,SAFE,WARNING,1,0,0,False,0.00010779999865917489,61,1,8,0.0027678999977069907
benefit_calculation,canonical,benefit_calculation,auto,SAFE,SAFE,0,0,0,True,0.0037966999952914193,40,1,11,0.002633899995998945
benefit_calculation,canonical,benefit_calculation,pure_smt,SAFE,SAFE,0,0,0,True,0.0031512999994447455,40,1,11,0.002633899995998945
benefit_calculation,canonical,benefit_calculation,random32,SAFE,NO_WITNESS,0,0,0,False,0.005781700005172752,40,1,11,0.002633899995998945
benefit_calculation,canonical,benefit_calculation,hypothesis64,SAFE,NO_WITNESS,0,0,0,False,0.03265339999779826,40,1,11,0.002633899995998945
benefit_calculation,canonical,benefit_calculation,naive_interval,SAFE,SAFE,0,0,0,False,0.00011079999967478216,40,1,11,0.002633899995998945
capped_contribution,canonical,capped_contribution,auto,SAFE,SAFE,0,0,0,True,0.007943999997223727,41,1,10,0.002220599999418482
capped_contribution,canonical,capped_contribution,pure_smt,SAFE,SAFE,0,0,0,True,0.007447999996657018,41,1,10,0.002220599999418482
capped_contribution,canonical,capped_contribution,random32,SAFE,NO_WITNESS,0,0,0,False,0.004674200004956219,41,1,10,0.002220599999418482
capped_contribution,canonical,capped_contribution,hypothesis64,SAFE,NO_WITNESS,0,0,0,False,0.028730699996231124,41,1,10,0.002220599999418482
capped_contribution,canonical,capped_contribution,naive_interval,SAFE,WARNING,1,0,0,False,0.0001049999991664663,41,1,10,0.002220599999418482
currency_conversion,canonical,currency_conversion,auto,SENSITIVE,SENSITIVE,0,0,0,True,0.27357240000128513,100,1,7,0.004840700006752741
currency_conversion,canonical,currency_conversion,pure_smt,SENSITIVE,SENSITIVE,0,0,0,True,0.00845409999601543,100,1,7,0.004840700006752741
currency_conversion,canonical,currency_conversion,random32,SENSITIVE,SENSITIVE,0,0,0,False,0.0015436999965459108,100,1,7,0.004840700006752741
currency_conversion,canonical,currency_conversion,hypothesis64,SENSITIVE,NO_WITNESS,0,1,0,False,0.06013709999388084,100,1,7,0.004840700006752741
currency_conversion,canonical,currency_conversion,naive_interval,SENSITIVE,WARNING,0,0,0,False,0.00010599999950500205,100,1,7,0.004840700006752741
homogeneous_tree,canonical,homogeneous_tree,auto,SAFE,SAFE,0,0,0,True,0.00589830000535585,1000,3,14,0.05336389999865787
homogeneous_tree,canonical,homogeneous_tree,pure_smt,SAFE,SAFE,0,0,0,True,0.005678199995600153,1000,3,14,0.05336389999865787
homogeneous_tree,canonical,homogeneous_tree,random32,SAFE,NO_WITNESS,0,0,0,False,0.006529700003738981,1000,3,14,0.05336389999865787
homogeneous_tree,canonical,homogeneous_tree,hypothesis64,SAFE,NO_WITNESS,0,0,0,False,0.06478559999959543,1000,3,14,0.05336389999865787
homogeneous_tree,canonical,homogeneous_tree,naive_interval,SAFE,WARNING,1,0,0,False,0.00016350000078091398,1000,3,14,0.05336389999865787
payroll_deduction,canonical,payroll_deduction,auto,SENSITIVE,SENSITIVE,0,0,0,True,0.011751700003514998,100,1,11,0.007194199999503326
payroll_deduction,canonical,payroll_deduction,pure_smt,SENSITIVE,SENSITIVE,0,0,0,True,0.01389720000588568,100,1,11,0.007194199999503326
payroll_deduction,canonical,payroll_deduction,random32,SENSITIVE,SENSITIVE,0,0,0,False,0.0009110000028158538,100,1,11,0.007194199999503326
payroll_deduction,canonical,payroll_deduction,hypothesis64,SENSITIVE,SENSITIVE,0,0,0,False,0.051930300003732555,100,1,11,0.007194199999503326
payroll_deduction,canonical,payroll_deduction,naive_interval,SENSITIVE,WARNING,0,0,0,False,0.00019249999604653567,100,1,11,0.007194199999503326
percentage_discount,canonical,percentage_discount,auto,SENSITIVE,SENSITIVE,0,0,0,True,0.022031200001947582,40,1,8,0.0039127000054577366
percentage_discount,canonical,percentage_discount,pure_smt,SENSITIVE,SENSITIVE,0,0,0,True,0.01680270000360906,40,1,8,0.0039127000054577366
percentage_discount,canonical,percentage_discount,random32,SENSITIVE,SENSITIVE,0,0,0,False,0.0020616999972844496,40,1,8,0.0039127000054577366
percentage_discount,canonical,percentage_discount,hypothesis64,SENSITIVE,SENSITIVE,0,0,0,False,0.03158369999437127,40,1,8,0.0039127000054577366
percentage_discount,canonical,percentage_discount,naive_interval,SENSITIVE,WARNING,0,0,0,False,0.00015799999528098851,40,1,8,0.0039127000054577366
placements,canonical,placements,auto,SENSITIVE,SENSITIVE,0,0,0,True,0.046604900002421346,256,2,28,0.036106999999901745
placements,canonical,placements,pure_smt,SENSITIVE,SENSITIVE,0,0,0,True,0.04281210000044666,256,2,28,0.036106999999901745
placements,canonical,placements,random32,SENSITIVE,SENSITIVE,0,0,0,False,0.009274100004404318,256,2,28,0.036106999999901745
placements,canonical,placements,hypothesis64,SENSITIVE,SENSITIVE,0,0,0,False,0.10004460000345716,256,2,28,0.036106999999901745
placements,canonical,placements,naive_interval,SENSITIVE,WARNING,0,0,0,False,0.00033310000435449183,256,2,28,0.036106999999901745
settlement,canonical,settlement,auto,SENSITIVE,SENSITIVE,0,0,0,True,0.0006821000060881488,900,2,9,0.03512229999614647
settlement,canonical,settlement,pure_smt,SENSITIVE,SENSITIVE,0,0,0,True,0.01343769999948563,900,2,9,0.03512229999614647
settlement,canonical,settlement,random32,SENSITIVE,SENSITIVE,0,0,0,False,0.0018543999976827763,900,2,9,0.03512229999614647
settlement,canonical,settlement,hypothesis64,SENSITIVE,SENSITIVE,0,0,0,False,0.06508119999489281,900,2,9,0.03512229999614647
settlement,canonical,settlement,naive_interval,SENSITIVE,WARNING,0,0,0,False,0.00010679999832063913,900,2,9,0.03512229999614647
tax_per_line,canonical,tax_per_line,auto,SENSITIVE,SENSITIVE,0,0,0,True,0.0006580999979632907,400,2,13,0.023015899998426903
tax_per_line,canonical,tax_per_line,pure_smt,SENSITIVE,SENSITIVE,0,0,0,True,0.010046999996120576,400,2,13,0.023015899998426903
tax_per_line,canonical,tax_per_line,random32,SENSITIVE,SENSITIVE,0,0,0,False,0.0009554999996908009,400,2,13,0.023015899998426903
tax_per_line,canonical,tax_per_line,hypothesis64,SENSITIVE,SENSITIVE,0,0,0,False,0.09569690000353148,400,2,13,0.023015899998426903
tax_per_line,canonical,tax_per_line,naive_interval,SENSITIVE,WARNING,0,0,0,False,0.00013639999815495685,400,2,13,0.023015899998426903
threshold_rule,canonical,threshold_rule,auto,SENSITIVE,SENSITIVE,0,0,0,True,0.0041808000023593195,21,1,13,0.0014136999961920083
threshold_rule,canonical,threshold_rule,pure_smt,SENSITIVE,SENSITIVE,0,0,0,True,0.00406440000369912,21,1,13,0.0014136999961920083
threshold_rule,canonical,threshold_rule,random32,SENSITIVE,SENSITIVE,0,0,0,False,0.0010918999978457578,21,1,13,0.0014136999961920083
threshold_rule,canonical,threshold_rule,hypothesis64,SENSITIVE,SENSITIVE,0,0,0,False,0.02382930000021588,21,1,13,0.0014136999961920083
threshold_rule,canonical,threshold_rule,naive_interval,SENSITIVE,WARNING,0,0,0,False,8.579999848734587e-05,21,1,13,0.0014136999961920083
vat,canonical,vat,auto,SENSITIVE,SENSITIVE,0,0,0,True,0.0007989000005181879,900,2,13,0.05247120000422001
vat,canonical,vat,pure_smt,SENSITIVE,SENSITIVE,0,0,0,True,0.006164200000057463,900,2,13,0.05247120000422001
vat,canonical,vat,random32,SENSITIVE,SENSITIVE,0,0,0,False,0.0007505000030505471,900,2,13,0.05247120000422001
vat,canonical,vat,hypothesis64,SENSITIVE,SENSITIVE,0,0,0,False,0.07776630000444129,900,2,13,0.05247120000422001
vat,canonical,vat,naive_interval,SENSITIVE,WARNING,0,0,0,False,0.00013380000018514693,900,2,13,0.05247120000422001
cash_settlement,realistic,rule fragment,auto,SENSITIVE,SENSITIVE,0,0,0,True,0.000676499999826774,1600,2,9,0.06258149999484885
cash_settlement,realistic,rule fragment,pure_smt,SENSITIVE,SENSITIVE,0,0,0,True,0.015810299999429844,1600,2,9,0.06258149999484885
cash_settlement,realistic,rule fragment,random32,SENSITIVE,SENSITIVE,0,0,0,False,0.0006714999981340952,1600,2,9,0.06258149999484885
cash_settlement,realistic,rule fragment,hypothesis64,SENSITIVE,SENSITIVE,0,0,0,False,0.03536470000108238,1600,2,9,0.06258149999484885
cash_settlement,realistic,rule fragment,naive_interval,SENSITIVE,WARNING,0,0,0,False,0.0001154000055976212,1600,2,9,0.06258149999484885
hmrc_invoice,realistic,rule fragment,auto,SAFE,SAFE,0,0,0,True,0.003303900004539173,1600,2,13,0.11078129999805242
hmrc_invoice,realistic,rule fragment,pure_smt,SAFE,SAFE,0,0,0,True,0.002866599999833852,1600,2,13,0.11078129999805242
hmrc_invoice,realistic,rule fragment,random32,SAFE,NO_WITNESS,0,0,0,False,0.00795780000044033,1600,2,13,0.11078129999805242
hmrc_invoice,realistic,rule fragment,hypothesis64,SAFE,NO_WITNESS,0,0,0,False,0.07664830000430811,1600,2,13,0.11078129999805242
hmrc_invoice,realistic,rule fragment,naive_interval,SAFE,WARNING,1,0,0,False,0.00013870000111637637,1600,2,13,0.11078129999805242
irs_payroll,realistic,rule fragment,auto,SENSITIVE,SENSITIVE,0,0,0,True,0.009495500002230983,200,1,10,0.012451300004613586
irs_payroll,realistic,rule fragment,pure_smt,SENSITIVE,SENSITIVE,0,0,0,True,0.009284799998567905,200,1,10,0.012451300004613586
irs_payroll,realistic,rule fragment,random32,SENSITIVE,SENSITIVE,0,0,0,False,0.00024649999977555126,200,1,10,0.012451300004613586
irs_payroll,realistic,rule fragment,hypothesis64,SENSITIVE,SENSITIVE,0,0,0,False,0.03030459999718005,200,1,10,0.012451300004613586
irs_payroll,realistic,rule fragment,naive_interval,SENSITIVE,WARNING,0,0,0,False,0.0001320000010309741,200,1,10,0.012451300004613586
rational_money,realistic,rule fragment,auto,SENSITIVE,SENSITIVE,0,0,0,True,0.008790900006715674,200,1,8,0.009793299999728333
rational_money,realistic,rule fragment,pure_smt,SENSITIVE,SENSITIVE,0,0,0,True,0.008362299995496869,200,1,8,0.009793299999728333
rational_money,realistic,rule fragment,random32,SENSITIVE,SENSITIVE,0,0,0,False,0.0002386999985901639,200,1,8,0.009793299999728333
rational_money,realistic,rule fragment,hypothesis64,SENSITIVE,SENSITIVE,0,0,0,False,0.02446300000156043,200,1,8,0.009793299999728333
rational_money,realistic,rule fragment,naive_interval,SENSITIVE,WARNING,0,0,0,False,0.00012660000356845558,200,1,8,0.009793299999728333
ssa_benefit,realistic,rule fragment,auto,SENSITIVE,SENSITIVE,0,0,0,True,0.010641200002282858,200,1,11,0.011859599995659664
ssa_benefit,realistic,rule fragment,pure_smt,SENSITIVE,SENSITIVE,0,0,0,True,0.007959199996548705,200,1,11,0.011859599995659664
ssa_benefit,realistic,rule fragment,random32,SENSITIVE,SENSITIVE,0,0,0,False,0.00023580000561196357,200,1,11,0.011859599995659664
ssa_benefit,realistic,rule fragment,hypothesis64,SENSITIVE,SENSITIVE,0,0,0,False,0.38302679999469547,200,1,11,0.011859599995659664
ssa_benefit,realistic,rule fragment,naive_interval,SENSITIVE,WARNING,0,0,0,False,0.0003799999976763502,200,1,11,0.011859599995659664
ssa_entitlement,realistic,rule fragment,auto,SENSITIVE,SENSITIVE,0,0,0,True,0.0035266999984742142,21,1,11,0.0014386000038939528
ssa_entitlement,realistic,rule fragment,pure_smt,SENSITIVE,SENSITIVE,0,0,0,True,0.0032963000048766844,21,1,11,0.0014386000038939528
ssa_entitlement,realistic,rule fragment,random32,SENSITIVE,SENSITIVE,0,0,0,False,0.0011328000036883168,21,1,11,0.0014386000038939528
ssa_entitlement,realistic,rule fragment,hypothesis64,SENSITIVE,SENSITIVE,0,0,0,False,0.024219799997808877,21,1,11,0.0014386000038939528
ssa_entitlement,realistic,rule fragment,naive_interval,SENSITIVE,WARNING,0,0,0,False,7.360000017797574e-05,21,1,11,0.0014386000038939528
