case,group,nvars,nodes,depth,policies,domain_size
mode_00,synthetic,1,6,3,2,25
mode_01,synthetic,1,6,3,2,25
mode_02,synthetic,1,6,3,2,25
mode_03,synthetic,1,6,3,2,25
mode_04,synthetic,1,6,3,2,25
mode_05,synthetic,1,6,3,2,25
mode_06,synthetic,1,6,3,2,25
mode_07,synthetic,1,6,3,2,25
mode_08,synthetic,1,6,3,2,25
mode_09,synthetic,1,6,3,2,25
safe_00,synthetic,2,13,4,2,100
safe_01,synthetic,2,13,4,2,100
safe_02,synthetic,2,13,4,2,100
safe_03,synthetic,2,13,4,2,100
safe_04,synthetic,2,13,4,2,100
safe_05,synthetic,2,13,4,2,100
safe_06,synthetic,2,13,4,2,100
safe_07,synthetic,2,13,4,2,100
stage_00,synthetic,2,13,4,2,100
stage_01,synthetic,2,13,4,2,100
stage_02,synthetic,2,13,4,2,100
stage_03,synthetic,2,13,4,2,100
stage_04,synthetic,2,13,4,2,100
stage_05,synthetic,2,13,4,2,100
stage_06,synthetic,2,13,4,2,100
stage_07,synthetic,2,13,4,2,100
stage_08,synthetic,2,13,4,2,100
stage_09,synthetic,2,13,4,2,100
threshold_00,synthetic,1,13,4,2,21
threshold_01,synthetic,1,15,4,2,21
threshold_02,synthetic,1,15,4,2,21
threshold_03,synthetic,1,13,4,2,21
threshold_04,synthetic,1,13,4,2,21
threshold_05,synthetic,1,13,4,2,21
threshold_06,synthetic,1,13,4,2,21
threshold_07,synthetic,1,15,4,2,21
threshold_08,synthetic,1,13,4,2,21
threshold_09,synthetic,1,15,4,2,21
tree_00,synthetic,3,14,5,2,1000
tree_01,synthetic,3,14,5,2,1000
tree_02,synthetic,3,14,5,2,1000
tree_03,synthetic,3,14,5,2,1000
tree_04,synthetic,3,14,5,2,1000
tree_05,synthetic,3,14,5,2,1000
tree_06,synthetic,3,14,5,2,1000
tree_07,synthetic,3,14,5,2,1000
tree_08,synthetic,3,14,5,2,1000
tree_09,synthetic,3,14,5,2,1000
allocation,canonical,1,8,4,2,61
benefit_calculation,canonical,1,11,5,2,40
capped_contribution,canonical,1,10,4,2,41
currency_conversion,canonical,1,7,4,2,100
homogeneous_tree,canonical,3,14,5,2,1000
payroll_deduction,canonical,1,11,5,2,100
percentage_discount,canonical,1,8,5,2,40
placements,canonical,2,28,5,4,256
settlement,canonical,2,9,3,2,900
tax_per_line,canonical,2,13,4,2,400
threshold_rule,canonical,1,13,4,2,21
vat,canonical,2,13,4,2,900
cash_settlement,realistic,2,9,3,2,1600
hmrc_invoice,realistic,2,13,5,2,1600
irs_payroll,realistic,1,10,4,2,200
rational_money,realistic,1,8,5,2,200
ssa_benefit,realistic,1,11,5,2,200
ssa_entitlement,realistic,1,11,3,2,21
