case,method,repetition,nvars,lower,upper,time_seconds,status,complete,maximum_discrepancy,exact_truth,common_denominator,parity_states,local_representatives,reason
coprime_n4_u1000000000,dp,0,4,0,1000000000,0.003584899997804314,SENSITIVE,True,2,2,215441,2,176,
coprime_n4_u1000000000,dp,1,4,0,1000000000,0.0037309999970602803,SENSITIVE,True,2,2,215441,2,176,
coprime_n4_u1000000000,dp,2,4,0,1000000000,0.0035516999996616505,SENSITIVE,True,2,2,215441,2,176,
coprime_n4_u1000000000,cyclic,0,4,0,1000000000,0.00015039999561849982,UNKNOWN,False,,2,215441,2,176,Common denominator exceeds DP budget
coprime_n4_u1000000000,cyclic,1,4,0,1000000000,0.00011649999942164868,UNKNOWN,False,,2,215441,2,176,Common denominator exceeds DP budget
coprime_n4_u1000000000,cyclic,2,4,0,1000000000,0.00011269999959040433,UNKNOWN,False,,2,215441,2,176,Common denominator exceeds DP budget
coprime_n4_u1000000000,residue,0,4,0,1000000000,0.03501700000197161,SENSITIVE,True,2,2,215441,2,176,
coprime_n4_u1000000000,residue,1,4,0,1000000000,0.039787200003047474,SENSITIVE,True,2,2,215441,2,176,
coprime_n4_u1000000000,residue,2,4,0,1000000000,0.03157929999724729,SENSITIVE,True,2,2,215441,2,176,
coprime_n4_u1000000000,smt,0,4,0,1000000000,0.02500049999798648,SENSITIVE,True,2,2,215441,2,176,
coprime_n4_u1000000000,smt,1,4,0,1000000000,0.024481500004185364,SENSITIVE,True,2,2,215441,2,176,
coprime_n4_u1000000000,smt,2,4,0,1000000000,0.025938200000382494,SENSITIVE,True,2,2,215441,2,176,
coprime_n4_u20,dp,0,4,0,20,0.0015824999936739914,SENSITIVE,True,2,2,215441,2,84,
coprime_n4_u20,dp,1,4,0,20,0.001579900002980139,SENSITIVE,True,2,2,215441,2,84,
coprime_n4_u20,dp,2,4,0,20,0.0016398000007029623,SENSITIVE,True,2,2,215441,2,84,
coprime_n4_u20,cyclic,0,4,0,20,0.00012540000170702115,UNKNOWN,False,,2,215441,2,84,Common denominator exceeds DP budget
coprime_n4_u20,cyclic,1,4,0,20,9.960000170394778e-05,UNKNOWN,False,,2,215441,2,84,Common denominator exceeds DP budget
coprime_n4_u20,cyclic,2,4,0,20,9.760000102687627e-05,UNKNOWN,False,,2,215441,2,84,Common denominator exceeds DP budget
coprime_n4_u20,residue,0,4,0,20,0.024955200002295896,SENSITIVE,True,2,2,215441,2,84,
coprime_n4_u20,residue,1,4,0,20,0.02580199999647448,SENSITIVE,True,2,2,215441,2,84,
coprime_n4_u20,residue,2,4,0,20,0.029422799998428673,SENSITIVE,True,2,2,215441,2,84,
coprime_n4_u20,smt,0,4,0,20,0.029552200001489837,SENSITIVE,True,2,2,215441,2,84,
coprime_n4_u20,smt,1,4,0,20,0.02929240000230493,SENSITIVE,True,2,2,215441,2,84,
coprime_n4_u20,smt,2,4,0,20,0.03497059999790508,SENSITIVE,True,2,2,215441,2,84,
coprime_n8_u1000000000,dp,0,8,0,1000000000,0.011616499999945518,SENSITIVE,True,4,4,435656388001,2,480,
coprime_n8_u1000000000,dp,1,8,0,1000000000,0.011515700003656093,SENSITIVE,True,4,4,435656388001,2,480,
coprime_n8_u1000000000,dp,2,8,0,1000000000,0.01672790000156965,SENSITIVE,True,4,4,435656388001,2,480,
coprime_n8_u1000000000,cyclic,0,8,0,1000000000,0.00034100000630132854,UNKNOWN,False,,4,435656388001,2,480,Common denominator exceeds DP budget
coprime_n8_u1000000000,cyclic,1,8,0,1000000000,0.00025409999943803996,UNKNOWN,False,,4,435656388001,2,480,Common denominator exceeds DP budget
coprime_n8_u1000000000,cyclic,2,8,0,1000000000,0.0003715999991982244,UNKNOWN,False,,4,435656388001,2,480,Common denominator exceeds DP budget
coprime_n8_u1000000000,residue,0,8,0,1000000000,0.27780239999992773,SENSITIVE,True,4,4,435656388001,2,480,
coprime_n8_u1000000000,residue,1,8,0,1000000000,0.21823050000239164,SENSITIVE,True,4,4,435656388001,2,480,
coprime_n8_u1000000000,residue,2,8,0,1000000000,0.2933612999986508,SENSITIVE,True,4,4,435656388001,2,480,
coprime_n8_u1000000000,smt,0,8,0,1000000000,0.1465957000036724,SENSITIVE,True,4,4,435656388001,2,480,
coprime_n8_u1000000000,smt,1,8,0,1000000000,0.3261620000048424,SENSITIVE,True,4,4,435656388001,2,480,
coprime_n8_u1000000000,smt,2,8,0,1000000000,0.19865100000606617,SENSITIVE,True,4,4,435656388001,2,480,
coprime_n8_u20,dp,0,8,0,20,0.0036165999990771525,SENSITIVE,True,4,4,435656388001,2,168,
coprime_n8_u20,dp,1,8,0,20,0.0033851999978651293,SENSITIVE,True,4,4,435656388001,2,168,
coprime_n8_u20,dp,2,8,0,20,0.0033273000008193776,SENSITIVE,True,4,4,435656388001,2,168,
coprime_n8_u20,cyclic,0,8,0,20,0.0002868000010494143,UNKNOWN,False,,4,435656388001,2,168,Common denominator exceeds DP budget
coprime_n8_u20,cyclic,1,8,0,20,0.00044219999836059287,UNKNOWN,False,,4,435656388001,2,168,Common denominator exceeds DP budget
coprime_n8_u20,cyclic,2,8,0,20,0.0003802999999606982,UNKNOWN,False,,4,435656388001,2,168,Common denominator exceeds DP budget
coprime_n8_u20,residue,0,8,0,20,0.19238629999745172,SENSITIVE,True,4,4,435656388001,2,168,
coprime_n8_u20,residue,1,8,0,20,0.19437850000394974,SENSITIVE,True,4,4,435656388001,2,168,
coprime_n8_u20,residue,2,8,0,20,0.19736679999914486,SENSITIVE,True,4,4,435656388001,2,168,
coprime_n8_u20,smt,0,8,0,20,0.14517609999893466,SENSITIVE,True,4,4,435656388001,2,168,
coprime_n8_u20,smt,1,8,0,20,0.313577200002328,SENSITIVE,True,4,4,435656388001,2,168,
coprime_n8_u20,smt,2,8,0,20,0.23531180000281893,SENSITIVE,True,4,4,435656388001,2,168,
narrow_prime_n4,dp,0,4,400,600,0.015101400000276044,SENSITIVE,True,2,2,1009,2,804,
narrow_prime_n4,dp,1,4,400,600,0.01426490000449121,SENSITIVE,True,2,2,1009,2,804,
narrow_prime_n4,dp,2,4,400,600,0.013875399999960791,SENSITIVE,True,2,2,1009,2,804,
narrow_prime_n4,cyclic,0,4,400,600,0.00015379999967990443,UNKNOWN,False,,2,1009,2,804,Common denominator exceeds DP budget
narrow_prime_n4,cyclic,1,4,400,600,0.00011860000086016953,UNKNOWN,False,,2,1009,2,804,Common denominator exceeds DP budget
narrow_prime_n4,cyclic,2,4,400,600,0.0001142999972216785,UNKNOWN,False,,2,1009,2,804,Common denominator exceeds DP budget
narrow_prime_n4,residue,0,4,400,600,0.029469400004018098,SENSITIVE,True,2,2,1009,2,804,
narrow_prime_n4,residue,1,4,400,600,0.024227100002462976,SENSITIVE,True,2,2,1009,2,804,
narrow_prime_n4,residue,2,4,400,600,0.02537300000403775,SENSITIVE,True,2,2,1009,2,804,
narrow_prime_n4,smt,0,4,400,600,0.03384640000149375,SENSITIVE,True,2,2,1009,2,804,
narrow_prime_n4,smt,1,4,400,600,0.029078200001094956,SENSITIVE,True,2,2,1009,2,804,
narrow_prime_n4,smt,2,4,400,600,0.02646400000230642,SENSITIVE,True,2,2,1009,2,804,
narrow_prime_n8,dp,0,8,400,600,0.03033049999794457,SENSITIVE,True,4,4,1009,2,1608,
narrow_prime_n8,dp,1,8,400,600,0.030974600005720276,SENSITIVE,True,4,4,1009,2,1608,
narrow_prime_n8,dp,2,8,400,600,0.026298900003894232,SENSITIVE,True,4,4,1009,2,1608,
narrow_prime_n8,cyclic,0,8,400,600,0.0002798999994411133,UNKNOWN,False,,4,1009,2,1608,Common denominator exceeds DP budget
narrow_prime_n8,cyclic,1,8,400,600,0.0002181999952881597,UNKNOWN,False,,4,1009,2,1608,Common denominator exceeds DP budget
narrow_prime_n8,cyclic,2,8,400,600,0.00020979999681003392,UNKNOWN,False,,4,1009,2,1608,Common denominator exceeds DP budget
narrow_prime_n8,residue,0,8,400,600,0.17837259999942034,SENSITIVE,True,4,4,1009,2,1608,
narrow_prime_n8,residue,1,8,400,600,0.18834720000450034,SENSITIVE,True,4,4,1009,2,1608,
narrow_prime_n8,residue,2,8,400,600,0.23498319999634987,SENSITIVE,True,4,4,1009,2,1608,
narrow_prime_n8,smt,0,8,400,600,0.16314690000581322,SENSITIVE,True,4,4,1009,2,1608,
narrow_prime_n8,smt,1,8,400,600,0.21756309999909718,SENSITIVE,True,4,4,1009,2,1608,
narrow_prime_n8,smt,2,8,400,600,0.19809629999508616,SENSITIVE,True,4,4,1009,2,1608,
