case,method,repetition,nvars,upper,domain_size,time_seconds,status,complete,maximum_discrepancy,exact_truth,lower_bound,parity_states,local_representatives,cyclic_states,transitions,universal_bound,bound_gap
batch_n16_u10000,dp,0,16,10000,10016012005601820436880091441287114408008436818200560012000160001,0.0059562000024016015,SENSITIVE,True,8,8,,2,168,40,124,8,0
batch_n16_u10000,dp,1,16,10000,10016012005601820436880091441287114408008436818200560012000160001,0.0053186000004643574,SENSITIVE,True,8,8,,2,168,40,124,8,0
batch_n16_u10000,dp,2,16,10000,10016012005601820436880091441287114408008436818200560012000160001,0.006304200003796723,SENSITIVE,True,8,8,,2,168,40,124,8,0
batch_n16_u10000,cyclic,0,16,10000,10016012005601820436880091441287114408008436818200560012000160001,0.007794900004228111,SENSITIVE,True,8,8,,2,168,40,11912,8,0
batch_n16_u10000,cyclic,1,16,10000,10016012005601820436880091441287114408008436818200560012000160001,0.009593599999789149,SENSITIVE,True,8,8,,2,168,40,11912,8,0
batch_n16_u10000,cyclic,2,16,10000,10016012005601820436880091441287114408008436818200560012000160001,0.007499400002416223,SENSITIVE,True,8,8,,2,168,40,11912,8,0
batch_n16_u10000,residue,0,16,10000,10016012005601820436880091441287114408008436818200560012000160001,1.7376498000012361,SENSITIVE,False,,8,1,2,168,40,,8,0
batch_n16_u10000,residue,1,16,10000,10016012005601820436880091441287114408008436818200560012000160001,2.356204199997592,SENSITIVE,False,,8,2,2,168,40,,8,0
batch_n16_u10000,residue,2,16,10000,10016012005601820436880091441287114408008436818200560012000160001,1.676746599994658,SENSITIVE,False,,8,3,2,168,40,,8,0
batch_n16_u10000,smt,0,16,10000,10016012005601820436880091441287114408008436818200560012000160001,1.5421002000002773,UNKNOWN,False,,8,,2,168,40,,8,0
batch_n16_u10000,smt,1,16,10000,10016012005601820436880091441287114408008436818200560012000160001,2.4762788000007276,SENSITIVE,False,,8,1,2,168,40,,8,0
batch_n16_u10000,smt,2,16,10000,10016012005601820436880091441287114408008436818200560012000160001,1.5269585000060033,UNKNOWN,False,,8,,2,168,40,,8,0
batch_n16_u1000000000,dp,0,16,1000000000,1000000016000000120000000560000001820000004368000008008000011440000012870000011440000008008000004368000001820000000560000000120000000016000000001,0.0040393000017502345,SENSITIVE,True,8,8,,2,168,40,124,8,0
batch_n16_u1000000000,dp,1,16,1000000000,1000000016000000120000000560000001820000004368000008008000011440000012870000011440000008008000004368000001820000000560000000120000000016000000001,0.004371200004243292,SENSITIVE,True,8,8,,2,168,40,124,8,0
batch_n16_u1000000000,dp,2,16,1000000000,1000000016000000120000000560000001820000004368000008008000011440000012870000011440000008008000004368000001820000000560000000120000000016000000001,0.004145700004301034,SENSITIVE,True,8,8,,2,168,40,124,8,0
batch_n16_u1000000000,cyclic,0,16,1000000000,1000000016000000120000000560000001820000004368000008008000011440000012870000011440000008008000004368000001820000000560000000120000000016000000001,0.008062100001552608,SENSITIVE,True,8,8,,2,168,40,11912,8,0
batch_n16_u1000000000,cyclic,1,16,1000000000,1000000016000000120000000560000001820000004368000008008000011440000012870000011440000008008000004368000001820000000560000000120000000016000000001,0.007042299999739043,SENSITIVE,True,8,8,,2,168,40,11912,8,0
batch_n16_u1000000000,cyclic,2,16,1000000000,1000000016000000120000000560000001820000004368000008008000011440000012870000011440000008008000004368000001820000000560000000120000000016000000001,0.007516100005886983,SENSITIVE,True,8,8,,2,168,40,11912,8,0
batch_n16_u1000000000,residue,0,16,1000000000,1000000016000000120000000560000001820000004368000008008000011440000012870000011440000008008000004368000001820000000560000000120000000016000000001,3.12791599999764,SENSITIVE,False,,8,7,2,168,40,,8,0
batch_n16_u1000000000,residue,1,16,1000000000,1000000016000000120000000560000001820000004368000008008000011440000012870000011440000008008000004368000001820000000560000000120000000016000000001,2.596854199997324,SENSITIVE,False,,8,1,2,168,40,,8,0
batch_n16_u1000000000,residue,2,16,1000000000,1000000016000000120000000560000001820000004368000008008000011440000012870000011440000008008000004368000001820000000560000000120000000016000000001,2.1808098000037717,SENSITIVE,False,,8,3,2,168,40,,8,0
batch_n16_u1000000000,smt,0,16,1000000000,1000000016000000120000000560000001820000004368000008008000011440000012870000011440000008008000004368000001820000000560000000120000000016000000001,1.5313864999989164,UNKNOWN,False,,8,,2,168,40,,8,0
batch_n16_u1000000000,smt,1,16,1000000000,1000000016000000120000000560000001820000004368000008008000011440000012870000011440000008008000004368000001820000000560000000120000000016000000001,1.5314161999995122,UNKNOWN,False,,8,,2,168,40,,8,0
batch_n16_u1000000000,smt,2,16,1000000000,1000000016000000120000000560000001820000004368000008008000011440000012870000011440000008008000004368000001820000000560000000120000000016000000001,1.5334411000003456,UNKNOWN,False,,8,,2,168,40,,8,0
batch_n16_u20,dp,0,16,20,1430568690241985328321,0.00548930000513792,SENSITIVE,True,8,8,,2,168,40,124,8,0
batch_n16_u20,dp,1,16,20,1430568690241985328321,0.004895300000498537,SENSITIVE,True,8,8,,2,168,40,124,8,0
batch_n16_u20,dp,2,16,20,1430568690241985328321,0.004750699998112395,SENSITIVE,True,8,8,,2,168,40,124,8,0
batch_n16_u20,cyclic,0,16,20,1430568690241985328321,0.007838500001525972,SENSITIVE,True,8,8,,2,168,40,11912,8,0
batch_n16_u20,cyclic,1,16,20,1430568690241985328321,0.007540500002505723,SENSITIVE,True,8,8,,2,168,40,11912,8,0
batch_n16_u20,cyclic,2,16,20,1430568690241985328321,0.007401499999104999,SENSITIVE,True,8,8,,2,168,40,11912,8,0
batch_n16_u20,residue,0,16,20,1430568690241985328321,2.881037400002242,SENSITIVE,False,,8,2,2,168,40,,8,0
batch_n16_u20,residue,1,16,20,1430568690241985328321,2.4428512000013143,SENSITIVE,False,,8,2,2,168,40,,8,0
batch_n16_u20,residue,2,16,20,1430568690241985328321,1.568669399995997,UNKNOWN,False,,8,,2,168,40,,8,0
batch_n16_u20,smt,0,16,20,1430568690241985328321,1.5597094999975525,UNKNOWN,False,,8,,2,168,40,,8,0
batch_n16_u20,smt,1,16,20,1430568690241985328321,1.7642393999994965,SENSITIVE,False,,8,4,2,168,40,,8,0
batch_n16_u20,smt,2,16,20,1430568690241985328321,1.555136199996923,UNKNOWN,False,,8,,2,168,40,,8,0
batch_n16_u3,dp,0,16,3,4294967296,0.005806300003314391,SENSITIVE,True,7,7,,2,64,40,108,8,1
batch_n16_u3,dp,1,16,3,4294967296,0.005094799998914823,SENSITIVE,True,7,7,,2,64,40,108,8,1
batch_n16_u3,dp,2,16,3,4294967296,0.005111999998916872,SENSITIVE,True,7,7,,2,64,40,108,8,1
batch_n16_u3,cyclic,0,16,3,4294967296,0.007857800002966542,SENSITIVE,True,7,7,,2,64,40,4200,8,1
batch_n16_u3,cyclic,1,16,3,4294967296,0.007639199997356627,SENSITIVE,True,7,7,,2,64,40,4200,8,1
batch_n16_u3,cyclic,2,16,3,4294967296,0.008712000002560671,SENSITIVE,True,7,7,,2,64,40,4200,8,1
batch_n16_u3,residue,0,16,3,4294967296,2.414328699996986,SENSITIVE,False,,7,2,2,64,40,,8,1
batch_n16_u3,residue,1,16,3,4294967296,1.8218685000028927,SENSITIVE,False,,7,1,2,64,40,,8,1
batch_n16_u3,residue,2,16,3,4294967296,3.13049989999854,SENSITIVE,False,,7,5,2,64,40,,8,1
batch_n16_u3,smt,0,16,3,4294967296,1.8033285999990767,SENSITIVE,False,,7,1,2,64,40,,8,1
batch_n16_u3,smt,1,16,3,4294967296,1.8685920000061742,SENSITIVE,False,,7,1,2,64,40,,8,1
batch_n16_u3,smt,2,16,3,4294967296,2.2221694000036223,SENSITIVE,False,,7,2,2,64,40,,8,1
batch_n2_u10000,dp,0,2,10000,100020001,0.0014133000004221685,SENSITIVE,True,1,1,,2,12,8,12,1,0
batch_n2_u10000,dp,1,2,10000,100020001,0.0012128999951528385,SENSITIVE,True,1,1,,2,12,8,12,1,0
batch_n2_u10000,dp,2,2,10000,100020001,0.0022988999990047887,SENSITIVE,True,1,1,,2,12,8,12,1,0
batch_n2_u10000,cyclic,0,2,10000,100020001,0.0013942000005044974,SENSITIVE,True,1,1,,2,12,8,72,1,0
batch_n2_u10000,cyclic,1,2,10000,100020001,0.0011709999962477013,SENSITIVE,True,1,1,,2,12,8,72,1,0
batch_n2_u10000,cyclic,2,2,10000,100020001,0.0011805999965872616,SENSITIVE,True,1,1,,2,12,8,72,1,0
batch_n2_u10000,residue,0,2,10000,100020001,0.04325470000185305,SENSITIVE,True,1,1,,2,12,8,,1,0
batch_n2_u10000,residue,1,2,10000,100020001,0.02335789999779081,SENSITIVE,True,1,1,,2,12,8,,1,0
batch_n2_u10000,residue,2,2,10000,100020001,0.031024399999296293,SENSITIVE,True,1,1,,2,12,8,,1,0
batch_n2_u10000,smt,0,2,10000,100020001,0.03005929999926593,SENSITIVE,True,1,1,,2,12,8,,1,0
batch_n2_u10000,smt,1,2,10000,100020001,1.5184545000010985,UNKNOWN,False,,1,,2,12,8,,1,0
batch_n2_u10000,smt,2,2,10000,100020001,0.3774630000043544,SENSITIVE,True,1,1,,2,12,8,,1,0
batch_n2_u1000000000,dp,0,2,1000000000,1000000002000000001,0.0012777999945683405,SENSITIVE,True,1,1,,2,12,8,12,1,0
batch_n2_u1000000000,dp,1,2,1000000000,1000000002000000001,0.0012769999957527034,SENSITIVE,True,1,1,,2,12,8,12,1,0
batch_n2_u1000000000,dp,2,2,1000000000,1000000002000000001,0.0014066000003367662,SENSITIVE,True,1,1,,2,12,8,12,1,0
batch_n2_u1000000000,cyclic,0,2,1000000000,1000000002000000001,0.00592750000214437,SENSITIVE,True,1,1,,2,12,8,72,1,0
batch_n2_u1000000000,cyclic,1,2,1000000000,1000000002000000001,0.0016102000008686446,SENSITIVE,True,1,1,,2,12,8,72,1,0
batch_n2_u1000000000,cyclic,2,2,1000000000,1000000002000000001,0.0015375000002677552,SENSITIVE,True,1,1,,2,12,8,72,1,0
batch_n2_u1000000000,residue,0,2,1000000000,1000000002000000001,0.064455599997018,SENSITIVE,True,1,1,,2,12,8,,1,0
batch_n2_u1000000000,residue,1,2,1000000000,1000000002000000001,0.07051639999554027,SENSITIVE,True,1,1,,2,12,8,,1,0
batch_n2_u1000000000,residue,2,2,1000000000,1000000002000000001,0.045265299995662645,SENSITIVE,True,1,1,,2,12,8,,1,0
batch_n2_u1000000000,smt,0,2,1000000000,1000000002000000001,1.5218494000000646,UNKNOWN,False,,1,,2,12,8,,1,0
batch_n2_u1000000000,smt,1,2,1000000000,1000000002000000001,0.1398611000040546,SENSITIVE,True,1,1,,2,12,8,,1,0
batch_n2_u1000000000,smt,2,2,1000000000,1000000002000000001,1.512982500004,UNKNOWN,False,,1,,2,12,8,,1,0
batch_n2_u20,dp,0,2,20,441,0.0016632999977446161,SENSITIVE,True,1,1,,2,12,8,12,1,0
batch_n2_u20,dp,1,2,20,441,0.0022699999972246587,SENSITIVE,True,1,1,,2,12,8,12,1,0
batch_n2_u20,dp,2,2,20,441,0.0014053999984753318,SENSITIVE,True,1,1,,2,12,8,12,1,0
batch_n2_u20,cyclic,0,2,20,441,0.0032322000042768195,SENSITIVE,True,1,1,,2,12,8,72,1,0
batch_n2_u20,cyclic,1,2,20,441,0.00270759999693837,SENSITIVE,True,1,1,,2,12,8,72,1,0
batch_n2_u20,cyclic,2,2,20,441,0.00682760000199778,SENSITIVE,True,1,1,,2,12,8,72,1,0
batch_n2_u20,residue,0,2,20,441,0.07026619999669492,SENSITIVE,True,1,1,,2,12,8,,1,0
batch_n2_u20,residue,1,2,20,441,0.036588499999197666,SENSITIVE,True,1,1,,2,12,8,,1,0
batch_n2_u20,residue,2,2,20,441,0.026953700005833525,SENSITIVE,True,1,1,,2,12,8,,1,0
batch_n2_u20,smt,0,2,20,441,0.10413509999489179,SENSITIVE,True,1,1,,2,12,8,,1,0
batch_n2_u20,smt,1,2,20,441,0.040764400000625756,SENSITIVE,True,1,1,,2,12,8,,1,0
batch_n2_u20,smt,2,2,20,441,0.03379549999954179,SENSITIVE,True,1,1,,2,12,8,,1,0
batch_n2_u3,dp,0,2,3,16,0.003797199999098666,SENSITIVE,True,1,1,,2,8,8,12,1,0
batch_n2_u3,dp,1,2,3,16,0.0013132999956724234,SENSITIVE,True,1,1,,2,8,8,12,1,0
batch_n2_u3,dp,2,2,3,16,0.002001599998038728,SENSITIVE,True,1,1,,2,8,8,12,1,0
batch_n2_u3,cyclic,0,2,3,16,0.0013281000065035187,SENSITIVE,True,1,1,,2,8,8,40,1,0
batch_n2_u3,cyclic,1,2,3,16,0.0011696000001393259,SENSITIVE,True,1,1,,2,8,8,40,1,0
batch_n2_u3,cyclic,2,2,3,16,0.0011802000008174218,SENSITIVE,True,1,1,,2,8,8,40,1,0
batch_n2_u3,residue,0,2,3,16,0.046230599997215904,SENSITIVE,True,1,1,,2,8,8,,1,0
batch_n2_u3,residue,1,2,3,16,0.0392199999987497,SENSITIVE,True,1,1,,2,8,8,,1,0
batch_n2_u3,residue,2,2,3,16,0.04194619999907445,SENSITIVE,True,1,1,,2,8,8,,1,0
batch_n2_u3,smt,0,2,3,16,0.025033500001882203,SENSITIVE,True,1,1,,2,8,8,,1,0
batch_n2_u3,smt,1,2,3,16,0.0497830000022077,SENSITIVE,True,1,1,,2,8,8,,1,0
batch_n2_u3,smt,2,2,3,16,0.04557829999976093,SENSITIVE,True,1,1,,2,8,8,,1,0
batch_n32_u10000,dp,0,32,10000,100320496496359801466652869081105525251447062758207492178283369669867033961805743093150449851863659466212137959604960049600320001,0.02141750000009779,SENSITIVE,True,15,15,,2,336,40,252,16,1
batch_n32_u10000,dp,1,32,10000,100320496496359801466652869081105525251447062758207492178283369669867033961805743093150449851863659466212137959604960049600320001,0.025202900003932882,SENSITIVE,True,15,15,,2,336,40,252,16,1
batch_n32_u10000,dp,2,32,10000,100320496496359801466652869081105525251447062758207492178283369669867033961805743093150449851863659466212137959604960049600320001,0.017535200000565965,SENSITIVE,True,15,15,,2,336,40,252,16,1
batch_n32_u10000,cyclic,0,32,10000,100320496496359801466652869081105525251447062758207492178283369669867033961805743093150449851863659466212137959604960049600320001,0.02932909999799449,SENSITIVE,True,15,15,,2,336,40,25352,16,1
batch_n32_u10000,cyclic,1,32,10000,100320496496359801466652869081105525251447062758207492178283369669867033961805743093150449851863659466212137959604960049600320001,0.0366714999981923,SENSITIVE,True,15,15,,2,336,40,25352,16,1
batch_n32_u10000,cyclic,2,32,10000,100320496496359801466652869081105525251447062758207492178283369669867033961805743093150449851863659466212137959604960049600320001,0.043379700000514276,SENSITIVE,True,15,15,,2,336,40,25352,16,1
batch_n32_u10000,residue,0,32,10000,100320496496359801466652869081105525251447062758207492178283369669867033961805743093150449851863659466212137959604960049600320001,1.8273250000056578,UNKNOWN,False,,15,,2,336,40,,16,1
batch_n32_u10000,residue,1,32,10000,100320496496359801466652869081105525251447062758207492178283369669867033961805743093150449851863659466212137959604960049600320001,1.6506824000025517,UNKNOWN,False,,15,,2,336,40,,16,1
batch_n32_u10000,residue,2,32,10000,100320496496359801466652869081105525251447062758207492178283369669867033961805743093150449851863659466212137959604960049600320001,1.6492509999952745,UNKNOWN,False,,15,,2,336,40,,16,1
batch_n32_u10000,smt,0,32,10000,100320496496359801466652869081105525251447062758207492178283369669867033961805743093150449851863659466212137959604960049600320001,1.6293590999994194,UNKNOWN,False,,15,,2,336,40,,16,1
batch_n32_u10000,smt,1,32,10000,100320496496359801466652869081105525251447062758207492178283369669867033961805743093150449851863659466212137959604960049600320001,1.6118439999991097,UNKNOWN,False,,15,,2,336,40,,16,1
batch_n32_u10000,smt,2,32,10000,100320496496359801466652869081105525251447062758207492178283369669867033961805743093150449851863659466212137959604960049600320001,1.6688710000016727,UNKNOWN,False,,15,,2,336,40,,16,1
batch_n32_u1000000000,dp,0,32,1000000000,1000000032000000496000004960000035960000201376000906192003365856010518300028048800064512240129024480225792840347373600471435600565722720601080390565722720471435600347373600225792840129024480064512240028048800010518300003365856000906192000201376000035960000004960000000496000000032000000001,0.019427200000791345,SENSITIVE,True,15,15,,2,336,40,252,16,1
batch_n32_u1000000000,dp,1,32,1000000000,1000000032000000496000004960000035960000201376000906192003365856010518300028048800064512240129024480225792840347373600471435600565722720601080390565722720471435600347373600225792840129024480064512240028048800010518300003365856000906192000201376000035960000004960000000496000000032000000001,0.022312900000542868,SENSITIVE,True,15,15,,2,336,40,252,16,1
batch_n32_u1000000000,dp,2,32,1000000000,1000000032000000496000004960000035960000201376000906192003365856010518300028048800064512240129024480225792840347373600471435600565722720601080390565722720471435600347373600225792840129024480064512240028048800010518300003365856000906192000201376000035960000004960000000496000000032000000001,0.02668680000351742,SENSITIVE,True,15,15,,2,336,40,252,16,1
batch_n32_u1000000000,cyclic,0,32,1000000000,1000000032000000496000004960000035960000201376000906192003365856010518300028048800064512240129024480225792840347373600471435600565722720601080390565722720471435600347373600225792840129024480064512240028048800010518300003365856000906192000201376000035960000004960000000496000000032000000001,0.042206500002066605,SENSITIVE,True,15,15,,2,336,40,25352,16,1
batch_n32_u1000000000,cyclic,1,32,1000000000,1000000032000000496000004960000035960000201376000906192003365856010518300028048800064512240129024480225792840347373600471435600565722720601080390565722720471435600347373600225792840129024480064512240028048800010518300003365856000906192000201376000035960000004960000000496000000032000000001,0.046213300003728364,SENSITIVE,True,15,15,,2,336,40,25352,16,1
batch_n32_u1000000000,cyclic,2,32,1000000000,1000000032000000496000004960000035960000201376000906192003365856010518300028048800064512240129024480225792840347373600471435600565722720601080390565722720471435600347373600225792840129024480064512240028048800010518300003365856000906192000201376000035960000004960000000496000000032000000001,0.06803790000412846,SENSITIVE,True,15,15,,2,336,40,25352,16,1
batch_n32_u1000000000,residue,0,32,1000000000,1000000032000000496000004960000035960000201376000906192003365856010518300028048800064512240129024480225792840347373600471435600565722720601080390565722720471435600347373600225792840129024480064512240028048800010518300003365856000906192000201376000035960000004960000000496000000032000000001,1.7302448999980697,UNKNOWN,False,,15,,2,336,40,,16,1
batch_n32_u1000000000,residue,1,32,1000000000,1000000032000000496000004960000035960000201376000906192003365856010518300028048800064512240129024480225792840347373600471435600565722720601080390565722720471435600347373600225792840129024480064512240028048800010518300003365856000906192000201376000035960000004960000000496000000032000000001,1.6529507999948692,UNKNOWN,False,,15,,2,336,40,,16,1
batch_n32_u1000000000,residue,2,32,1000000000,1000000032000000496000004960000035960000201376000906192003365856010518300028048800064512240129024480225792840347373600471435600565722720601080390565722720471435600347373600225792840129024480064512240028048800010518300003365856000906192000201376000035960000004960000000496000000032000000001,1.6454744000002393,UNKNOWN,False,,15,,2,336,40,,16,1
batch_n32_u1000000000,smt,0,32,1000000000,1000000032000000496000004960000035960000201376000906192003365856010518300028048800064512240129024480225792840347373600471435600565722720601080390565722720471435600347373600225792840129024480064512240028048800010518300003365856000906192000201376000035960000004960000000496000000032000000001,1.5930274999991525,UNKNOWN,False,,15,,2,336,40,,16,1
batch_n32_u1000000000,smt,1,32,1000000000,1000000032000000496000004960000035960000201376000906192003365856010518300028048800064512240129024480225792840347373600471435600565722720601080390565722720471435600347373600225792840129024480064512240028048800010518300003365856000906192000201376000035960000004960000000496000000032000000001,1.5942858999987948,UNKNOWN,False,,15,,2,336,40,,16,1
batch_n32_u1000000000,smt,2,32,1000000000,1000000032000000496000004960000035960000201376000906192003365856010518300028048800064512240129024480225792840347373600471435600565722720601080390565722720471435600347373600225792840129024480064512240028048800010518300003365856000906192000201376000035960000004960000000496000000032000000001,1.667730200002552,UNKNOWN,False,,15,,2,336,40,,16,1
batch_n32_u20,dp,0,32,20,2046526777500669368329342638102622164679041,0.017360599995299708,SENSITIVE,True,15,15,,2,336,40,252,16,1
batch_n32_u20,dp,1,32,20,2046526777500669368329342638102622164679041,0.0180664999934379,SENSITIVE,True,15,15,,2,336,40,252,16,1
batch_n32_u20,dp,2,32,20,2046526777500669368329342638102622164679041,0.0181360000060522,SENSITIVE,True,15,15,,2,336,40,252,16,1
batch_n32_u20,cyclic,0,32,20,2046526777500669368329342638102622164679041,0.02830790000007255,SENSITIVE,True,15,15,,2,336,40,25352,16,1
batch_n32_u20,cyclic,1,32,20,2046526777500669368329342638102622164679041,0.02754050000658026,SENSITIVE,True,15,15,,2,336,40,25352,16,1
batch_n32_u20,cyclic,2,32,20,2046526777500669368329342638102622164679041,0.029570200000307523,SENSITIVE,True,15,15,,2,336,40,25352,16,1
batch_n32_u20,residue,0,32,20,2046526777500669368329342638102622164679041,1.7073522999999113,UNKNOWN,False,,15,,2,336,40,,16,1
batch_n32_u20,residue,1,32,20,2046526777500669368329342638102622164679041,1.6478214999951888,UNKNOWN,False,,15,,2,336,40,,16,1
batch_n32_u20,residue,2,32,20,2046526777500669368329342638102622164679041,1.7991456000017934,UNKNOWN,False,,15,,2,336,40,,16,1
batch_n32_u20,smt,0,32,20,2046526777500669368329342638102622164679041,1.6789927999998326,UNKNOWN,False,,15,,2,336,40,,16,1
batch_n32_u20,smt,1,32,20,2046526777500669368329342638102622164679041,1.630751099997724,UNKNOWN,False,,15,,2,336,40,,16,1
batch_n32_u20,smt,2,32,20,2046526777500669368329342638102622164679041,1.655802399996901,UNKNOWN,False,,15,,2,336,40,,16,1
batch_n32_u3,dp,0,32,3,18446744073709551616,0.012522400000307243,SENSITIVE,True,14,14,,2,128,40,220,16,2
batch_n32_u3,dp,1,32,3,18446744073709551616,0.012710099996183999,SENSITIVE,True,14,14,,2,128,40,220,16,2
batch_n32_u3,dp,2,32,3,18446744073709551616,0.01254989999870304,SENSITIVE,True,14,14,,2,128,40,220,16,2
batch_n32_u3,cyclic,0,32,3,18446744073709551616,0.01799169999867445,SENSITIVE,True,14,14,,2,128,40,9320,16,2
batch_n32_u3,cyclic,1,32,3,18446744073709551616,0.01806129999749828,SENSITIVE,True,14,14,,2,128,40,9320,16,2
batch_n32_u3,cyclic,2,32,3,18446744073709551616,0.0177828000014415,SENSITIVE,True,14,14,,2,128,40,9320,16,2
batch_n32_u3,residue,0,32,3,18446744073709551616,1.64625380000507,UNKNOWN,False,,14,,2,128,40,,16,2
batch_n32_u3,residue,1,32,3,18446744073709551616,2.8467856999996,SENSITIVE,False,,14,1,2,128,40,,16,2
batch_n32_u3,residue,2,32,3,18446744073709551616,2.3873041000042576,SENSITIVE,False,,14,1,2,128,40,,16,2
batch_n32_u3,smt,0,32,3,18446744073709551616,2.271114999995916,UNKNOWN,False,,14,,2,128,40,,16,2
batch_n32_u3,smt,1,32,3,18446744073709551616,2.6851103999943007,SENSITIVE,False,,14,1,2,128,40,,16,2
batch_n32_u3,smt,2,32,3,18446744073709551616,2.549171499995282,SENSITIVE,False,,14,1,2,128,40,,16,2
batch_n4_u10000,dp,0,4,10000,10004000600040001,0.0013532999946619384,SENSITIVE,True,2,2,,2,42,40,28,2,0
batch_n4_u10000,dp,1,4,10000,10004000600040001,0.0012760000026901253,SENSITIVE,True,2,2,,2,42,40,28,2,0
batch_n4_u10000,dp,2,4,10000,10004000600040001,0.0012264999968465418,SENSITIVE,True,2,2,,2,42,40,28,2,0
batch_n4_u10000,cyclic,0,4,10000,10004000600040001,0.0024128000004566275,SENSITIVE,True,2,2,,2,42,40,1832,2,0
batch_n4_u10000,cyclic,1,4,10000,10004000600040001,0.0022625999990850687,SENSITIVE,True,2,2,,2,42,40,1832,2,0
batch_n4_u10000,cyclic,2,4,10000,10004000600040001,0.002229900004749652,SENSITIVE,True,2,2,,2,42,40,1832,2,0
batch_n4_u10000,residue,0,4,10000,10004000600040001,0.07124169999588048,SENSITIVE,True,2,2,,2,42,40,,2,0
batch_n4_u10000,residue,1,4,10000,10004000600040001,0.03518350000376813,SENSITIVE,True,2,2,,2,42,40,,2,0
batch_n4_u10000,residue,2,4,10000,10004000600040001,0.03005960000155028,SENSITIVE,True,2,2,,2,42,40,,2,0
batch_n4_u10000,smt,0,4,10000,10004000600040001,1.8163309000010486,SENSITIVE,False,,2,1,2,42,40,,2,0
batch_n4_u10000,smt,1,4,10000,10004000600040001,1.444983699999284,SENSITIVE,True,2,2,,2,42,40,,2,0
batch_n4_u10000,smt,2,4,10000,10004000600040001,1.6225684999953955,SENSITIVE,False,,2,1,2,42,40,,2,0
batch_n4_u1000000000,dp,0,4,1000000000,1000000004000000006000000004000000001,0.0012662000008276664,SENSITIVE,True,2,2,,2,42,40,28,2,0
batch_n4_u1000000000,dp,1,4,1000000000,1000000004000000006000000004000000001,0.0012556000001495704,SENSITIVE,True,2,2,,2,42,40,28,2,0
batch_n4_u1000000000,dp,2,4,1000000000,1000000004000000006000000004000000001,0.001266599996597506,SENSITIVE,True,2,2,,2,42,40,28,2,0
batch_n4_u1000000000,cyclic,0,4,1000000000,1000000004000000006000000004000000001,0.0022547000044141896,SENSITIVE,True,2,2,,2,42,40,1832,2,0
batch_n4_u1000000000,cyclic,1,4,1000000000,1000000004000000006000000004000000001,0.0022555000032298267,SENSITIVE,True,2,2,,2,42,40,1832,2,0
batch_n4_u1000000000,cyclic,2,4,1000000000,1000000004000000006000000004000000001,0.0022479999970528297,SENSITIVE,True,2,2,,2,42,40,1832,2,0
batch_n4_u1000000000,residue,0,4,1000000000,1000000004000000006000000004000000001,0.039533499999379274,SENSITIVE,True,2,2,,2,42,40,,2,0
batch_n4_u1000000000,residue,1,4,1000000000,1000000004000000006000000004000000001,0.027817900001537055,SENSITIVE,True,2,2,,2,42,40,,2,0
batch_n4_u1000000000,residue,2,4,1000000000,1000000004000000006000000004000000001,0.05521669999870937,SENSITIVE,True,2,2,,2,42,40,,2,0
batch_n4_u1000000000,smt,0,4,1000000000,1000000004000000006000000004000000001,1.1672453999999561,SENSITIVE,True,2,2,,2,42,40,,2,0
batch_n4_u1000000000,smt,1,4,1000000000,1000000004000000006000000004000000001,0.6196883000011439,SENSITIVE,True,2,2,,2,42,40,,2,0
batch_n4_u1000000000,smt,2,4,1000000000,1000000004000000006000000004000000001,1.760057899999083,SENSITIVE,False,,2,1,2,42,40,,2,0
batch_n4_u20,dp,0,4,20,194481,0.001343000003544148,SENSITIVE,True,2,2,,2,42,40,28,2,0
batch_n4_u20,dp,1,4,20,194481,0.0016951000070548616,SENSITIVE,True,2,2,,2,42,40,28,2,0
batch_n4_u20,dp,2,4,20,194481,0.0012522999968496151,SENSITIVE,True,2,2,,2,42,40,28,2,0
batch_n4_u20,cyclic,0,4,20,194481,0.002449300001899246,SENSITIVE,True,2,2,,2,42,40,1832,2,0
batch_n4_u20,cyclic,1,4,20,194481,0.0022903999997652136,SENSITIVE,True,2,2,,2,42,40,1832,2,0
batch_n4_u20,cyclic,2,4,20,194481,0.0022298999974736944,SENSITIVE,True,2,2,,2,42,40,1832,2,0
batch_n4_u20,residue,0,4,20,194481,0.054765900000347756,SENSITIVE,True,2,2,,2,42,40,,2,0
batch_n4_u20,residue,1,4,20,194481,0.023976399999810383,SENSITIVE,True,2,2,,2,42,40,,2,0
batch_n4_u20,residue,2,4,20,194481,0.028528200004075188,SENSITIVE,True,2,2,,2,42,40,,2,0
batch_n4_u20,smt,0,4,20,194481,0.03398849999939557,SENSITIVE,True,2,2,,2,42,40,,2,0
batch_n4_u20,smt,1,4,20,194481,0.09790050000447081,SENSITIVE,True,2,2,,2,42,40,,2,0
batch_n4_u20,smt,2,4,20,194481,0.19708669999818085,SENSITIVE,True,2,2,,2,42,40,,2,0
batch_n4_u3,dp,0,4,3,256,0.0010085999965667725,SENSITIVE,True,2,2,,2,16,40,24,2,0
batch_n4_u3,dp,1,4,3,256,0.0009078000002773479,SENSITIVE,True,2,2,,2,16,40,24,2,0
batch_n4_u3,dp,2,4,3,256,0.0009043999962159432,SENSITIVE,True,2,2,,2,16,40,24,2,0
batch_n4_u3,cyclic,0,4,3,256,0.0019375999982003123,SENSITIVE,True,2,2,,2,16,40,360,2,0
batch_n4_u3,cyclic,1,4,3,256,0.002148500003386289,SENSITIVE,True,2,2,,2,16,40,360,2,0
batch_n4_u3,cyclic,2,4,3,256,0.0019497999965096824,SENSITIVE,True,2,2,,2,16,40,360,2,0
batch_n4_u3,residue,0,4,3,256,0.04467570000269916,SENSITIVE,True,2,2,,2,16,40,,2,0
batch_n4_u3,residue,1,4,3,256,0.05579079999733949,SENSITIVE,True,2,2,,2,16,40,,2,0
batch_n4_u3,residue,2,4,3,256,0.044234100001631305,SENSITIVE,True,2,2,,2,16,40,,2,0
batch_n4_u3,smt,0,4,3,256,0.0390317999990657,SENSITIVE,True,2,2,,2,16,40,,2,0
batch_n4_u3,smt,1,4,3,256,0.04380010000022594,SENSITIVE,True,2,2,,2,16,40,,2,0
batch_n4_u3,smt,2,4,3,256,0.026030300003185403,SENSITIVE,True,2,2,,2,16,40,,2,0
batch_n64_u10000,dp,0,64,10000,10064202017276139201565339084094192727249471076537898545137322718102690161316014449689273397665467205812986091296438926397782612371731080769870145743161873860914359316916328194960121037246581364087754011304148942089187134749036895130457553801664201600640001,0.018325200006074738,SENSITIVE,True,30,30,,2,672,40,508,32,2
batch_n64_u10000,dp,1,64,10000,10064202017276139201565339084094192727249471076537898545137322718102690161316014449689273397665467205812986091296438926397782612371731080769870145743161873860914359316916328194960121037246581364087754011304148942089187134749036895130457553801664201600640001,0.018727599999692757,SENSITIVE,True,30,30,,2,672,40,508,32,2
batch_n64_u10000,dp,2,64,10000,10064202017276139201565339084094192727249471076537898545137322718102690161316014449689273397665467205812986091296438926397782612371731080769870145743161873860914359316916328194960121037246581364087754011304148942089187134749036895130457553801664201600640001,0.017991599997913,SENSITIVE,True,30,30,,2,672,40,508,32,2
batch_n64_u10000,cyclic,0,64,10000,10064202017276139201565339084094192727249471076537898545137322718102690161316014449689273397665467205812986091296438926397782612371731080769870145743161873860914359316916328194960121037246581364087754011304148942089187134749036895130457553801664201600640001,0.026961800002027303,SENSITIVE,True,30,30,,2,672,40,52232,32,2
batch_n64_u10000,cyclic,1,64,10000,10064202017276139201565339084094192727249471076537898545137322718102690161316014449689273397665467205812986091296438926397782612371731080769870145743161873860914359316916328194960121037246581364087754011304148942089187134749036895130457553801664201600640001,0.029115199999068864,SENSITIVE,True,30,30,,2,672,40,52232,32,2
batch_n64_u10000,cyclic,2,64,10000,10064202017276139201565339084094192727249471076537898545137322718102690161316014449689273397665467205812986091296438926397782612371731080769870145743161873860914359316916328194960121037246581364087754011304148942089187134749036895130457553801664201600640001,0.0274587000021711,SENSITIVE,True,30,30,,2,672,40,52232,32,2
batch_n64_u10000,residue,0,64,10000,10064202017276139201565339084094192727249471076537898545137322718102690161316014449689273397665467205812986091296438926397782612371731080769870145743161873860914359316916328194960121037246581364087754011304148942089187134749036895130457553801664201600640001,1.7320953000016743,UNKNOWN,False,,30,,2,672,40,,32,2
batch_n64_u10000,residue,1,64,10000,10064202017276139201565339084094192727249471076537898545137322718102690161316014449689273397665467205812986091296438926397782612371731080769870145743161873860914359316916328194960121037246581364087754011304148942089187134749036895130457553801664201600640001,1.7597402999963379,UNKNOWN,False,,30,,2,672,40,,32,2
batch_n64_u10000,residue,2,64,10000,10064202017276139201565339084094192727249471076537898545137322718102690161316014449689273397665467205812986091296438926397782612371731080769870145743161873860914359316916328194960121037246581364087754011304148942089187134749036895130457553801664201600640001,1.7171059000029345,UNKNOWN,False,,30,,2,672,40,,32,2
batch_n64_u10000,smt,0,64,10000,10064202017276139201565339084094192727249471076537898545137322718102690161316014449689273397665467205812986091296438926397782612371731080769870145743161873860914359316916328194960121037246581364087754011304148942089187134749036895130457553801664201600640001,1.6102410999956192,UNKNOWN,False,,30,,2,672,40,,32,2
batch_n64_u10000,smt,1,64,10000,10064202017276139201565339084094192727249471076537898545137322718102690161316014449689273397665467205812986091296438926397782612371731080769870145743161873860914359316916328194960121037246581364087754011304148942089187134749036895130457553801664201600640001,1.5994076000060886,UNKNOWN,False,,30,,2,672,40,,32,2
batch_n64_u10000,smt,2,64,10000,10064202017276139201565339084094192727249471076537898545137322718102690161316014449689273397665467205812986091296438926397782612371731080769870145743161873860914359316916328194960121037246581364087754011304148942089187134749036895130457553801664201600640001,1.6403852000003099,UNKNOWN,False,,30,,2,672,40,,32,2
batch_n64_u1000000000,dp,0,64,1000000000,1000000064000002016000041664000635376007624512074974368621216196426165395540584663473215559595785108214716192858860079700118335000351246938458950178885208799737958145242445823759116958283128589959347842648785870704689353023645973835667594086966374058184360585804307437501898166478719680611685830347919165719859068085831876867076874525528237257002114897616387547672347128484345916897555405791370998129224408792397450175772046937239098999910575699971952858815508214703799595781975473214843540584516426165368621216192074974368007624512000635376000041664000002016000000064000000001,0.019644499996502418,SENSITIVE,True,30,30,,2,672,40,508,32,2
batch_n64_u1000000000,dp,1,64,1000000000,1000000064000002016000041664000635376007624512074974368621216196426165395540584663473215559595785108214716192858860079700118335000351246938458950178885208799737958145242445823759116958283128589959347842648785870704689353023645973835667594086966374058184360585804307437501898166478719680611685830347919165719859068085831876867076874525528237257002114897616387547672347128484345916897555405791370998129224408792397450175772046937239098999910575699971952858815508214703799595781975473214843540584516426165368621216192074974368007624512000635376000041664000002016000000064000000001,0.019279600004665554,SENSITIVE,True,30,30,,2,672,40,508,32,2
batch_n64_u1000000000,dp,2,64,1000000000,1000000064000002016000041664000635376007624512074974368621216196426165395540584663473215559595785108214716192858860079700118335000351246938458950178885208799737958145242445823759116958283128589959347842648785870704689353023645973835667594086966374058184360585804307437501898166478719680611685830347919165719859068085831876867076874525528237257002114897616387547672347128484345916897555405791370998129224408792397450175772046937239098999910575699971952858815508214703799595781975473214843540584516426165368621216192074974368007624512000635376000041664000002016000000064000000001,0.020994599995901808,SENSITIVE,True,30,30,,2,672,40,508,32,2
batch_n64_u1000000000,cyclic,0,64,1000000000,1000000064000002016000041664000635376007624512074974368621216196426165395540584663473215559595785108214716192858860079700118335000351246938458950178885208799737958145242445823759116958283128589959347842648785870704689353023645973835667594086966374058184360585804307437501898166478719680611685830347919165719859068085831876867076874525528237257002114897616387547672347128484345916897555405791370998129224408792397450175772046937239098999910575699971952858815508214703799595781975473214843540584516426165368621216192074974368007624512000635376000041664000002016000000064000000001,0.031089199997950345,SENSITIVE,True,30,30,,2,672,40,52232,32,2
batch_n64_u1000000000,cyclic,1,64,1000000000,1000000064000002016000041664000635376007624512074974368621216196426165395540584663473215559595785108214716192858860079700118335000351246938458950178885208799737958145242445823759116958283128589959347842648785870704689353023645973835667594086966374058184360585804307437501898166478719680611685830347919165719859068085831876867076874525528237257002114897616387547672347128484345916897555405791370998129224408792397450175772046937239098999910575699971952858815508214703799595781975473214843540584516426165368621216192074974368007624512000635376000041664000002016000000064000000001,0.026668099999369588,SENSITIVE,True,30,30,,2,672,40,52232,32,2
batch_n64_u1000000000,cyclic,2,64,1000000000,1000000064000002016000041664000635376007624512074974368621216196426165395540584663473215559595785108214716192858860079700118335000351246938458950178885208799737958145242445823759116958283128589959347842648785870704689353023645973835667594086966374058184360585804307437501898166478719680611685830347919165719859068085831876867076874525528237257002114897616387547672347128484345916897555405791370998129224408792397450175772046937239098999910575699971952858815508214703799595781975473214843540584516426165368621216192074974368007624512000635376000041664000002016000000064000000001,0.025398999998287763,SENSITIVE,True,30,30,,2,672,40,52232,32,2
batch_n64_u1000000000,residue,0,64,1000000000,1000000064000002016000041664000635376007624512074974368621216196426165395540584663473215559595785108214716192858860079700118335000351246938458950178885208799737958145242445823759116958283128589959347842648785870704689353023645973835667594086966374058184360585804307437501898166478719680611685830347919165719859068085831876867076874525528237257002114897616387547672347128484345916897555405791370998129224408792397450175772046937239098999910575699971952858815508214703799595781975473214843540584516426165368621216192074974368007624512000635376000041664000002016000000064000000001,1.7253588999956264,UNKNOWN,False,,30,,2,672,40,,32,2
batch_n64_u1000000000,residue,1,64,1000000000,1000000064000002016000041664000635376007624512074974368621216196426165395540584663473215559595785108214716192858860079700118335000351246938458950178885208799737958145242445823759116958283128589959347842648785870704689353023645973835667594086966374058184360585804307437501898166478719680611685830347919165719859068085831876867076874525528237257002114897616387547672347128484345916897555405791370998129224408792397450175772046937239098999910575699971952858815508214703799595781975473214843540584516426165368621216192074974368007624512000635376000041664000002016000000064000000001,1.7244896999982302,UNKNOWN,False,,30,,2,672,40,,32,2
batch_n64_u1000000000,residue,2,64,1000000000,1000000064000002016000041664000635376007624512074974368621216196426165395540584663473215559595785108214716192858860079700118335000351246938458950178885208799737958145242445823759116958283128589959347842648785870704689353023645973835667594086966374058184360585804307437501898166478719680611685830347919165719859068085831876867076874525528237257002114897616387547672347128484345916897555405791370998129224408792397450175772046937239098999910575699971952858815508214703799595781975473214843540584516426165368621216192074974368007624512000635376000041664000002016000000064000000001,1.730815500006429,UNKNOWN,False,,30,,2,672,40,,32,2
batch_n64_u1000000000,smt,0,64,1000000000,1000000064000002016000041664000635376007624512074974368621216196426165395540584663473215559595785108214716192858860079700118335000351246938458950178885208799737958145242445823759116958283128589959347842648785870704689353023645973835667594086966374058184360585804307437501898166478719680611685830347919165719859068085831876867076874525528237257002114897616387547672347128484345916897555405791370998129224408792397450175772046937239098999910575699971952858815508214703799595781975473214843540584516426165368621216192074974368007624512000635376000041664000002016000000064000000001,1.6014886999982991,UNKNOWN,False,,30,,2,672,40,,32,2
batch_n64_u1000000000,smt,1,64,1000000000,1000000064000002016000041664000635376007624512074974368621216196426165395540584663473215559595785108214716192858860079700118335000351246938458950178885208799737958145242445823759116958283128589959347842648785870704689353023645973835667594086966374058184360585804307437501898166478719680611685830347919165719859068085831876867076874525528237257002114897616387547672347128484345916897555405791370998129224408792397450175772046937239098999910575699971952858815508214703799595781975473214843540584516426165368621216192074974368007624512000635376000041664000002016000000064000000001,1.6408703999986756,UNKNOWN,False,,30,,2,672,40,,32,2
batch_n64_u1000000000,smt,2,64,1000000000,1000000064000002016000041664000635376007624512074974368621216196426165395540584663473215559595785108214716192858860079700118335000351246938458950178885208799737958145242445823759116958283128589959347842648785870704689353023645973835667594086966374058184360585804307437501898166478719680611685830347919165719859068085831876867076874525528237257002114897616387547672347128484345916897555405791370998129224408792397450175772046937239098999910575699971952858815508214703799595781975473214843540584516426165368621216192074974368007624512000635376000041664000002016000000064000000001,1.6087962000019616,UNKNOWN,False,,30,,2,672,40,,32,2
batch_n64_u20,dp,0,64,20,4188271851027274266670020743752976432915773724299403513508038881183728210190544679681,0.018208200002845842,SENSITIVE,True,30,30,,2,672,40,508,32,2
batch_n64_u20,dp,1,64,20,4188271851027274266670020743752976432915773724299403513508038881183728210190544679681,0.018391799996607006,SENSITIVE,True,30,30,,2,672,40,508,32,2
batch_n64_u20,dp,2,64,20,4188271851027274266670020743752976432915773724299403513508038881183728210190544679681,0.018142900000384543,SENSITIVE,True,30,30,,2,672,40,508,32,2
batch_n64_u20,cyclic,0,64,20,4188271851027274266670020743752976432915773724299403513508038881183728210190544679681,0.03001090000179829,SENSITIVE,True,30,30,,2,672,40,52232,32,2
batch_n64_u20,cyclic,1,64,20,4188271851027274266670020743752976432915773724299403513508038881183728210190544679681,0.029827900005329866,SENSITIVE,True,30,30,,2,672,40,52232,32,2
batch_n64_u20,cyclic,2,64,20,4188271851027274266670020743752976432915773724299403513508038881183728210190544679681,0.030576199998904485,SENSITIVE,True,30,30,,2,672,40,52232,32,2
batch_n64_u20,residue,0,64,20,4188271851027274266670020743752976432915773724299403513508038881183728210190544679681,1.7378270000044722,UNKNOWN,False,,30,,2,672,40,,32,2
batch_n64_u20,residue,1,64,20,4188271851027274266670020743752976432915773724299403513508038881183728210190544679681,1.7086278000060702,UNKNOWN,False,,30,,2,672,40,,32,2
batch_n64_u20,residue,2,64,20,4188271851027274266670020743752976432915773724299403513508038881183728210190544679681,1.760668100003386,UNKNOWN,False,,30,,2,672,40,,32,2
batch_n64_u20,smt,0,64,20,4188271851027274266670020743752976432915773724299403513508038881183728210190544679681,1.6376428000003216,UNKNOWN,False,,30,,2,672,40,,32,2
batch_n64_u20,smt,1,64,20,4188271851027274266670020743752976432915773724299403513508038881183728210190544679681,1.600491700002749,UNKNOWN,False,,30,,2,672,40,,32,2
batch_n64_u20,smt,2,64,20,4188271851027274266670020743752976432915773724299403513508038881183728210190544679681,1.6027075000019977,UNKNOWN,False,,30,,2,672,40,,32,2
batch_n64_u3,dp,0,64,3,340282366920938463463374607431768211456,0.010608900003717281,SENSITIVE,True,27,27,,2,256,40,444,32,5
batch_n64_u3,dp,1,64,3,340282366920938463463374607431768211456,0.010993999996571802,SENSITIVE,True,27,27,,2,256,40,444,32,5
batch_n64_u3,dp,2,64,3,340282366920938463463374607431768211456,0.011720200003765058,SENSITIVE,True,27,27,,2,256,40,444,32,5
batch_n64_u3,cyclic,0,64,3,340282366920938463463374607431768211456,0.014626200005295686,SENSITIVE,True,27,27,,2,256,40,19560,32,5
batch_n64_u3,cyclic,1,64,3,340282366920938463463374607431768211456,0.01428450000094017,SENSITIVE,True,27,27,,2,256,40,19560,32,5
batch_n64_u3,cyclic,2,64,3,340282366920938463463374607431768211456,0.013655199996719602,SENSITIVE,True,27,27,,2,256,40,19560,32,5
batch_n64_u3,residue,0,64,3,340282366920938463463374607431768211456,1.737709699998959,UNKNOWN,False,,27,,2,256,40,,32,5
batch_n64_u3,residue,1,64,3,340282366920938463463374607431768211456,1.7052991000018665,UNKNOWN,False,,27,,2,256,40,,32,5
batch_n64_u3,residue,2,64,3,340282366920938463463374607431768211456,1.710251900003641,UNKNOWN,False,,27,,2,256,40,,32,5
batch_n64_u3,smt,0,64,3,340282366920938463463374607431768211456,1.589603200001875,UNKNOWN,False,,27,,2,256,40,,32,5
batch_n64_u3,smt,1,64,3,340282366920938463463374607431768211456,1.5947774999949615,UNKNOWN,False,,27,,2,256,40,,32,5
batch_n64_u3,smt,2,64,3,340282366920938463463374607431768211456,1.5949982999954955,UNKNOWN,False,,27,,2,256,40,,32,5
batch_n8_u10000,dp,0,8,10000,100080028005600700056002800080001,0.0021034000019426458,SENSITIVE,True,4,4,,2,84,40,60,4,0
batch_n8_u10000,dp,1,8,10000,100080028005600700056002800080001,0.0020989999975427054,SENSITIVE,True,4,4,,2,84,40,60,4,0
batch_n8_u10000,dp,2,8,10000,100080028005600700056002800080001,0.0021240000060060993,SENSITIVE,True,4,4,,2,84,40,60,4,0
batch_n8_u10000,cyclic,0,8,10000,100080028005600700056002800080001,0.0034926000007544644,SENSITIVE,True,4,4,,2,84,40,5192,4,0
batch_n8_u10000,cyclic,1,8,10000,100080028005600700056002800080001,0.0033716000034473836,SENSITIVE,True,4,4,,2,84,40,5192,4,0
batch_n8_u10000,cyclic,2,8,10000,100080028005600700056002800080001,0.003959400004532654,SENSITIVE,True,4,4,,2,84,40,5192,4,0
batch_n8_u10000,residue,0,8,10000,100080028005600700056002800080001,0.5775581000052625,SENSITIVE,True,4,4,,2,84,40,,4,0
batch_n8_u10000,residue,1,8,10000,100080028005600700056002800080001,0.3179275000002235,SENSITIVE,True,4,4,,2,84,40,,4,0
batch_n8_u10000,residue,2,8,10000,100080028005600700056002800080001,0.5330965000030119,SENSITIVE,True,4,4,,2,84,40,,4,0
batch_n8_u10000,smt,0,8,10000,100080028005600700056002800080001,2.127144500002032,SENSITIVE,False,,4,1,2,84,40,,4,0
batch_n8_u10000,smt,1,8,10000,100080028005600700056002800080001,1.7158760000020266,SENSITIVE,False,,4,1,2,84,40,,4,0
batch_n8_u10000,smt,2,8,10000,100080028005600700056002800080001,1.51824480000505,UNKNOWN,False,,4,,2,84,40,,4,0
batch_n8_u1000000000,dp,0,8,1000000000,1000000008000000028000000056000000070000000056000000028000000008000000001,0.0018737999998847954,SENSITIVE,True,4,4,,2,84,40,60,4,0
batch_n8_u1000000000,dp,1,8,1000000000,1000000008000000028000000056000000070000000056000000028000000008000000001,0.0019242000053054653,SENSITIVE,True,4,4,,2,84,40,60,4,0
batch_n8_u1000000000,dp,2,8,1000000000,1000000008000000028000000056000000070000000056000000028000000008000000001,0.0018242000005557202,SENSITIVE,True,4,4,,2,84,40,60,4,0
batch_n8_u1000000000,cyclic,0,8,1000000000,1000000008000000028000000056000000070000000056000000028000000008000000001,0.0032910999943851493,SENSITIVE,True,4,4,,2,84,40,5192,4,0
batch_n8_u1000000000,cyclic,1,8,1000000000,1000000008000000028000000056000000070000000056000000028000000008000000001,0.0033811999965109862,SENSITIVE,True,4,4,,2,84,40,5192,4,0
batch_n8_u1000000000,cyclic,2,8,1000000000,1000000008000000028000000056000000070000000056000000028000000008000000001,0.0028496999948401935,SENSITIVE,True,4,4,,2,84,40,5192,4,0
batch_n8_u1000000000,residue,0,8,1000000000,1000000008000000028000000056000000070000000056000000028000000008000000001,0.5034159999995609,SENSITIVE,True,4,4,,2,84,40,,4,0
batch_n8_u1000000000,residue,1,8,1000000000,1000000008000000028000000056000000070000000056000000028000000008000000001,1.4208491000026697,SENSITIVE,True,4,4,,2,84,40,,4,0
batch_n8_u1000000000,residue,2,8,1000000000,1000000008000000028000000056000000070000000056000000028000000008000000001,0.2936316000050283,SENSITIVE,True,4,4,,2,84,40,,4,0
batch_n8_u1000000000,smt,0,8,1000000000,1000000008000000028000000056000000070000000056000000028000000008000000001,1.5139524000042002,UNKNOWN,False,,4,,2,84,40,,4,0
batch_n8_u1000000000,smt,1,8,1000000000,1000000008000000028000000056000000070000000056000000028000000008000000001,2.2960873000047286,SENSITIVE,False,,4,1,2,84,40,,4,0
batch_n8_u1000000000,smt,2,8,1000000000,1000000008000000028000000056000000070000000056000000028000000008000000001,1.855684399997699,SENSITIVE,False,,4,1,2,84,40,,4,0
batch_n8_u20,dp,0,8,20,37822859361,0.0026870000001508743,SENSITIVE,True,4,4,,2,84,40,60,4,0
batch_n8_u20,dp,1,8,20,37822859361,0.002799000001687091,SENSITIVE,True,4,4,,2,84,40,60,4,0
batch_n8_u20,dp,2,8,20,37822859361,0.0026123999996343628,SENSITIVE,True,4,4,,2,84,40,60,4,0
batch_n8_u20,cyclic,0,8,20,37822859361,0.004362699997727759,SENSITIVE,True,4,4,,2,84,40,5192,4,0
batch_n8_u20,cyclic,1,8,20,37822859361,0.0045123000018065795,SENSITIVE,True,4,4,,2,84,40,5192,4,0
batch_n8_u20,cyclic,2,8,20,37822859361,0.004423099999257829,SENSITIVE,True,4,4,,2,84,40,5192,4,0
batch_n8_u20,residue,0,8,20,37822859361,0.39003620000585215,SENSITIVE,True,4,4,,2,84,40,,4,0
batch_n8_u20,residue,1,8,20,37822859361,0.4741844000018318,SENSITIVE,True,4,4,,2,84,40,,4,0
batch_n8_u20,residue,2,8,20,37822859361,0.620607699995162,SENSITIVE,True,4,4,,2,84,40,,4,0
batch_n8_u20,smt,0,8,20,37822859361,1.1568688999977894,SENSITIVE,True,4,4,,2,84,40,,4,0
batch_n8_u20,smt,1,8,20,37822859361,1.9611129999975674,SENSITIVE,False,,4,3,2,84,40,,4,0
batch_n8_u20,smt,2,8,20,37822859361,2.11724129999493,SENSITIVE,False,,4,3,2,84,40,,4,0
batch_n8_u3,dp,0,8,3,65536,0.0011138999980175868,SENSITIVE,True,3,3,,2,32,40,52,4,1
batch_n8_u3,dp,1,8,3,65536,0.0011002999963238835,SENSITIVE,True,3,3,,2,32,40,52,4,1
batch_n8_u3,dp,2,8,3,65536,0.0012124999993829988,SENSITIVE,True,3,3,,2,32,40,52,4,1
batch_n8_u3,cyclic,0,8,3,65536,0.001857499999459833,SENSITIVE,True,3,3,,2,32,40,1640,4,1
batch_n8_u3,cyclic,1,8,3,65536,0.0018594000066514127,SENSITIVE,True,3,3,,2,32,40,1640,4,1
batch_n8_u3,cyclic,2,8,3,65536,0.0019122000012430362,SENSITIVE,True,3,3,,2,32,40,1640,4,1
batch_n8_u3,residue,0,8,3,65536,0.1598706000004313,SENSITIVE,True,3,3,,2,32,40,,4,1
batch_n8_u3,residue,1,8,3,65536,0.2199110000001383,SENSITIVE,True,3,3,,2,32,40,,4,1
batch_n8_u3,residue,2,8,3,65536,0.30049619999772403,SENSITIVE,True,3,3,,2,32,40,,4,1
batch_n8_u3,smt,0,8,3,65536,0.17600690000108443,SENSITIVE,True,3,3,,2,32,40,,4,1
batch_n8_u3,smt,1,8,3,65536,0.21008140000049025,SENSITIVE,True,3,3,,2,32,40,,4,1
batch_n8_u3,smt,2,8,3,65536,0.23652790000051027,SENSITIVE,True,3,3,,2,32,40,,4,1
